product_id,warehouse,stock_qty,reorder_level
5001,WH1,193,29
5002,WH3,198,73
5003,WH4,205,98
5004,WH1,162,34
5005,WH1,196,30
5006,WH2,191,59
5007,WH1,191,66
5008,WH2,183,39
5009,WH3,195,41
5010,WH2,209,67
5011,WH3,208,35
5012,WH1,180,24
5013,WH1,187,84
5014,WH2,224,93
5015,WH3,185,40
5016,WH1,191,80
5017,WH2,230,96
5018,WH2,187,74
5019,WH2,209,43
5020,WH1,186,42
5021,WH3,198,30
5022,WH1,190,66
5023,WH4,204,21
5024,WH4,203,89
5025,WH1,224,72
5026,WH3,192,30
5027,WH2,205,34
5028,WH4,194,92
5029,WH4,203,31
5030,WH1,188,55
5031,WH4,201,42
5032,WH4,174,46
5033,WH2,179,33
5034,WH2,203,73
5035,WH3,236,46
5036,WH4,210,40
5037,WH3,187,68
5038,WH3,176,81
5039,WH2,193,96
5040,WH2,204,91
5041,WH1,191,63
5042,WH2,196,63
5043,WH3,216,80
5044,WH4,179,61
5045,WH3,203,42
5046,WH3,206,92
5047,WH3,206,20
5048,WH2,189,55
5049,WH3,236,74
5050,WH1,197,35
5051,WH4,212,37
5052,WH2,192,57
5053,WH3,183,86
5054,WH1,184,39
5055,WH4,162,38
5056,WH3,208,32
5057,WH4,213,36
5058,WH2,222,97
5059,WH2,210,49
5060,WH1,194,62
5061,WH2,195,67
5062,WH1,202,62
5063,WH3,227,85
5064,WH4,205,72
5065,WH2,187,91
5066,WH4,205,97
5067,WH4,194,53
5068,WH3,206,96
5069,WH3,222,93
5070,WH2,181,91
5071,WH3,191,90
5072,WH4,199,32
5073,WH1,205,75
5074,WH1,202,78
5075,WH1,208,51
5076,WH2,191,98
5077,WH3,201,73
5078,WH3,203,21
5079,WH3,203,56
5080,WH3,207,52
5081,WH4,217,20
5082,WH1,210,47
5083,WH4,202,36
5084,WH2,206,76
5085,WH1,199,89
5086,WH1,226,71
5087,WH4,214,63
5088,WH2,222,66
5089,WH2,209,32
5090,WH1,201,95
5091,WH3,187,49
5092,WH2,206,85
5093,WH4,180,72
5094,WH2,192,37
5095,WH1,197,47
5096,WH3,196,23
5097,WH2,198,61
5098,WH1,182,25
5099,WH2,201,28
5100,WH3,184,39
5101,WH4,226,57
5102,WH1,183,87
5103,WH1,170,69
5104,WH3,212,79
5105,WH1,206,32
5106,WH3,184,61
5107,WH1,215,87
5108,WH3,188,44
5109,WH2,214,50
5110,WH2,191,31
5111,WH2,187,83
5112,WH1,203,98
5113,WH3,189,80
5114,WH3,198,72
5115,WH4,208,45
5116,WH2,181,80
5117,WH4,216,29
5118,WH2,160,31
5119,WH4,222,41
5120,WH2,202,72
5121,WH3,194,40
5122,WH2,218,54
5123,WH1,181,90
5124,WH2,185,46
5125,WH2,190,79
5126,WH3,196,66
5127,WH1,202,85
5128,WH3,220,34
5129,WH4,181,43
5130,WH4,232,29
5131,WH1,205,43
5132,WH4,185,76
5133,WH1,193,53
5134,WH2,189,60
5135,WH4,228,59
5136,WH2,193,30
5137,WH3,191,20
5138,WH4,209,49
5139,WH3,217,62
5140,WH3,207,45
5141,WH1,184,72
5142,WH3,192,66
5143,WH1,195,28
5144,WH1,210,28
5145,WH1,208,20
5146,WH1,193,90
5147,WH1,211,63
5148,WH2,205,78
5149,WH1,207,75
5150,WH4,196,70
5151,WH1,203,35
5152,WH2,219,57
5153,WH4,194,30
5154,WH4,227,44
5155,WH2,210,78
5156,WH4,201,48
5157,WH2,202,99
5158,WH3,222,59
5159,WH3,208,27
5160,WH1,205,25
5161,WH1,209,64
5162,WH1,215,72
5163,WH1,212,40
5164,WH2,222,76
5165,WH3,189,95
5166,WH2,207,25
5167,WH4,208,82
5168,WH4,220,25
5169,WH4,180,72
5170,WH4,198,23
5171,WH4,218,28
5172,WH3,192,88
5173,WH2,206,93
5174,WH4,213,91
5175,WH1,195,23
5176,WH3,198,77
5177,WH1,209,56
5178,WH3,191,90
5179,WH3,225,25
5180,WH1,204,70
5181,WH1,220,98
5182,WH4,195,69
5183,WH1,196,33
5184,WH2,211,30
5185,WH3,207,29
5186,WH3,220,80
5187,WH4,192,32
5188,WH3,196,53
5189,WH1,178,79
5190,WH3,215,70
5191,WH3,194,24
5192,WH1,231,93
5193,WH1,219,51
5194,WH3,185,31
5195,WH2,193,71
5196,WH1,230,32
5197,WH2,195,73
5198,WH2,188,73
5199,WH4,181,60
5200,WH2,182,67
5201,WH4,210,70
5202,WH2,189,66
5203,WH4,206,69
5204,WH1,182,95
5205,WH3,199,65
5206,WH3,191,57
5207,WH4,196,32
5208,WH1,208,95
5209,WH4,193,41
5210,WH4,218,21
5211,WH1,194,96
5212,WH2,204,32
5213,WH2,189,76
5214,WH1,204,53
5215,WH4,200,38
5216,WH3,196,28
5217,WH4,232,52
5218,WH2,196,46
5219,WH1,221,64
5220,WH1,172,21
5221,WH1,216,98
5222,WH2,213,76
5223,WH4,198,76
5224,WH1,201,35
5225,WH3,187,98
5226,WH1,174,25
5227,WH4,219,33
5228,WH2,181,46
5229,WH3,198,57
5230,WH3,194,38
5231,WH1,195,56
5232,WH4,200,23
5233,WH1,184,77
5234,WH3,206,28
5235,WH1,181,59
5236,WH4,213,34
5237,WH2,195,23
5238,WH3,217,71
5239,WH4,203,37
5240,WH1,214,72
5241,WH3,196,78
5242,WH1,212,73
5243,WH1,203,60
5244,WH2,199,79
5245,WH1,194,23
5246,WH1,191,58
5247,WH4,195,26
5248,WH1,183,42
5249,WH2,187,82
5250,WH1,205,84
5251,WH1,192,60
5252,WH1,233,63
5253,WH3,207,64
5254,WH2,200,88
5255,WH3,199,70
5256,WH2,198,84
5257,WH2,222,73
5258,WH4,225,75
5259,WH3,174,91
5260,WH2,203,59
5261,WH2,199,77
5262,WH4,205,34
5263,WH3,203,38
5264,WH1,198,29
5265,WH4,162,35
5266,WH2,190,62
5267,WH3,202,50
5268,WH2,224,35
5269,WH4,178,99
5270,WH4,214,47
5271,WH3,203,81
5272,WH4,196,39
5273,WH4,197,54
5274,WH1,194,78
5275,WH2,217,28
5276,WH1,193,29
5277,WH1,180,64
5278,WH3,208,34
5279,WH4,210,49
5280,WH2,196,67
5281,WH2,200,59
5282,WH2,218,93
5283,WH4,184,63
5284,WH2,224,65
5285,WH2,184,25
5286,WH4,183,43
5287,WH3,210,92
5288,WH2,201,26
5289,WH4,215,25
5290,WH1,188,52
5291,WH4,178,57
5292,WH1,197,63
5293,WH4,205,36
5294,WH2,206,50
5295,WH3,204,56
5296,WH3,191,30
5297,WH2,166,24
5298,WH1,188,83
5299,WH4,187,95
5300,WH2,187,22
5301,WH4,199,75
5302,WH2,199,82
5303,WH2,203,57
5304,WH4,194,73
5305,WH3,203,21
5306,WH3,207,21
5307,WH1,212,31
5308,WH4,183,59
5309,WH1,204,21
5310,WH2,206,99
5311,WH1,191,76
5312,WH2,188,66
5313,WH4,196,55
5314,WH4,183,23
5315,WH4,218,94
5316,WH4,222,43
5317,WH1,199,81
5318,WH2,204,21
5319,WH3,187,34
5320,WH4,189,94
5321,WH4,229,68
5322,WH2,200,54
5323,WH3,205,66
5324,WH4,208,43
5325,WH3,201,79
5326,WH4,212,96
5327,WH1,205,67
5328,WH1,201,42
5329,WH3,196,31
5330,WH2,199,60
5331,WH2,205,48
5332,WH1,213,89
5333,WH2,214,70
5334,WH2,185,42
5335,WH2,209,50
5336,WH3,196,40
5337,WH3,216,43
5338,WH2,195,91
5339,WH1,203,28
5340,WH2,188,41
5341,WH4,186,23
5342,WH1,191,96
5343,WH3,187,22
5344,WH4,201,47
5345,WH2,204,34
5346,WH2,195,27
5347,WH1,200,67
5348,WH1,210,71
5349,WH2,206,74
5350,WH2,226,56
5351,WH1,190,23
5352,WH4,208,74
5353,WH3,194,31
5354,WH1,205,38
5355,WH4,185,98
5356,WH2,199,76
5357,WH3,200,56
5358,WH4,208,95
5359,WH3,192,26
5360,WH3,188,74
5361,WH3,212,47
5362,WH4,213,56
5363,WH4,178,80
5364,WH2,216,94
5365,WH3,219,58
5366,WH1,189,42
5367,WH1,211,71
5368,WH1,183,30
5369,WH4,247,85
5370,WH2,210,32
5371,WH4,211,96
5372,WH3,197,60
5373,WH1,211,68
5374,WH4,213,34
5375,WH1,203,75
5376,WH4,187,73
5377,WH1,179,50
5378,WH3,239,80
5379,WH1,194,77
5380,WH3,185,79
5381,WH3,191,72
5382,WH4,184,80
5383,WH4,217,99
5384,WH4,208,61
5385,WH3,198,48
5386,WH2,204,46
5387,WH2,191,63
5388,WH3,192,24
5389,WH3,203,71
5390,WH4,206,72
5391,WH4,201,71
5392,WH4,193,57
5393,WH2,202,63
5394,WH2,201,72
5395,WH3,211,21
5396,WH2,206,73
5397,WH4,201,96
5398,WH4,209,54
5399,WH4,178,65
5400,WH4,197,91
5401,WH4,181,98
5402,WH1,191,74
5403,WH3,212,91
5404,WH3,187,30
5405,WH2,178,48
5406,WH4,192,88
5407,WH1,174,82
5408,WH4,176,66
5409,WH4,201,26
5410,WH2,191,83
5411,WH1,208,83
5412,WH1,197,31
5413,WH3,180,31
5414,WH4,194,55
5415,WH1,195,48
5416,WH3,220,30
5417,WH1,209,72
5418,WH4,202,89
5419,WH3,190,93
5420,WH1,214,66
5421,WH2,228,52
5422,WH1,184,86
5423,WH4,207,62
5424,WH2,203,37
5425,WH1,190,93
5426,WH1,206,72
5427,WH3,213,58
5428,WH4,205,91
5429,WH1,205,53
5430,WH1,204,56
5431,WH1,217,60
5432,WH4,194,68
5433,WH2,190,29
5434,WH4,219,59
5435,WH3,215,37
5436,WH3,168,44
5437,WH4,220,60
5438,WH1,186,55
5439,WH1,199,21
5440,WH2,200,93
5441,WH4,184,68
5442,WH4,184,86
5443,WH1,210,72
5444,WH3,195,38
5445,WH3,186,45
5446,WH2,205,73
5447,WH2,231,70
5448,WH3,212,44
5449,WH4,215,36
5450,WH2,209,93
5451,WH1,190,80
5452,WH4,199,65
5453,WH1,175,74
5454,WH2,208,69
5455,WH3,198,94
5456,WH2,192,30
5457,WH3,188,31
5458,WH4,171,59
5459,WH2,200,67
5460,WH2,200,75
5461,WH2,192,27
5462,WH4,186,33
5463,WH1,187,75
5464,WH1,214,73
5465,WH3,185,36
5466,WH2,205,64
5467,WH1,219,24
5468,WH4,158,22
5469,WH2,216,28
5470,WH3,235,39
5471,WH1,187,40
5472,WH4,201,99
5473,WH4,194,52
5474,WH3,201,24
5475,WH1,191,43
5476,WH2,197,82
5477,WH4,205,98
5478,WH3,194,45
5479,WH4,218,52
5480,WH4,206,37
5481,WH1,186,37
5482,WH1,179,57
5483,WH2,214,52
5484,WH4,185,46
5485,WH3,216,68
5486,WH4,216,69
5487,WH3,202,34
5488,WH4,219,96
5489,WH3,195,71
5490,WH4,211,87
5491,WH4,208,38
5492,WH2,177,44
5493,WH1,191,95
5494,WH1,202,95
5495,WH3,197,44
5496,WH4,202,52
5497,WH4,204,79
5498,WH1,237,56
5499,WH3,189,62
5500,WH2,173,28
5501,WH2,215,33
5502,WH2,210,22
5503,WH4,215,88
5504,WH3,192,75
5505,WH1,205,45
5506,WH4,207,72
5507,WH4,215,60
5508,WH2,234,40
5509,WH3,191,58
5510,WH3,214,99
5511,WH2,206,42
5512,WH2,205,93
5513,WH2,163,77
5514,WH4,191,88
5515,WH4,205,94
5516,WH4,163,48
5517,WH1,177,81
5518,WH1,194,72
5519,WH3,209,64
5520,WH2,184,46
5521,WH2,211,53
5522,WH4,213,33
5523,WH1,192,60
5524,WH2,203,93
5525,WH3,195,79
5526,WH2,195,61
5527,WH4,228,70
5528,WH4,168,94
5529,WH1,222,30
5530,WH3,198,54
5531,WH3,183,38
5532,WH2,192,84
5533,WH3,203,95
5534,WH2,195,80
5535,WH2,194,66
5536,WH1,179,33
5537,WH3,185,86
5538,WH4,197,71
5539,WH2,183,51
5540,WH2,203,99
5541,WH2,212,29
5542,WH3,197,36
5543,WH3,195,59
5544,WH3,207,87
5545,WH2,205,82
5546,WH4,195,34
5547,WH4,186,58
5548,WH3,188,76
5549,WH4,227,29
5550,WH2,186,90
5551,WH3,193,36
5552,WH3,174,95
5553,WH2,191,36
5554,WH3,180,35
5555,WH2,191,97
5556,WH3,220,22
5557,WH4,187,70
5558,WH3,202,65
5559,WH3,235,74
5560,WH3,205,45
5561,WH1,198,95
5562,WH4,195,50
5563,WH2,188,91
5564,WH1,219,38
5565,WH4,188,87
5566,WH3,189,34
5567,WH3,216,77
5568,WH2,202,97
5569,WH2,232,49
5570,WH4,222,67
5571,WH4,214,75
5572,WH2,209,61
5573,WH4,180,43
5574,WH2,202,71
5575,WH3,189,62
5576,WH2,187,53
5577,WH1,210,79
5578,WH2,208,22
5579,WH2,220,87
5580,WH1,198,30
5581,WH1,193,32
5582,WH1,210,69
5583,WH1,187,38
5584,WH2,195,63
5585,WH4,216,52
5586,WH1,206,57
5587,WH3,214,22
5588,WH2,173,84
5589,WH4,203,54
5590,WH3,203,55
5591,WH2,176,57
5592,WH2,209,58
5593,WH3,197,44
5594,WH1,190,83
5595,WH1,199,32
5596,WH3,197,87
5597,WH4,205,89
5598,WH1,199,94
5599,WH2,202,20
5600,WH2,181,91
5601,WH4,199,73
5602,WH2,210,28
5603,WH1,191,55
5604,WH4,212,56
5605,WH1,220,78
5606,WH4,206,40
5607,WH3,203,39
5608,WH2,203,20
5609,WH4,208,78
5610,WH3,180,47
5611,WH1,207,90
5612,WH3,194,75
5613,WH1,186,28
5614,WH4,209,84
5615,WH4,190,55
5616,WH2,185,53
5617,WH2,205,51
5618,WH4,187,85
5619,WH1,204,44
5620,WH1,197,70
5621,WH4,200,82
5622,WH1,185,64
5623,WH4,198,45
5624,WH2,199,40
5625,WH1,215,70
5626,WH2,209,43
5627,WH3,211,31
5628,WH2,192,30
5629,WH3,175,46
5630,WH2,184,42
5631,WH2,210,52
5632,WH1,195,99
5633,WH2,180,57
5634,WH4,206,74
5635,WH1,180,89
5636,WH1,193,61
5637,WH1,190,48
5638,WH2,204,53
5639,WH1,211,76
5640,WH3,213,22
5641,WH3,209,25
5642,WH2,203,67
5643,WH1,200,83
5644,WH4,199,32
5645,WH4,197,55
5646,WH3,187,98
5647,WH2,208,89
5648,WH2,200,52
5649,WH2,183,95
5650,WH2,196,76
5651,WH2,201,74
5652,WH1,195,32
5653,WH1,182,70
5654,WH1,198,72
5655,WH4,194,55
5656,WH1,182,24
5657,WH2,219,44
5658,WH2,192,56
5659,WH4,182,38
5660,WH4,174,54
5661,WH3,202,53
5662,WH4,189,73
5663,WH3,211,65
5664,WH1,235,25
5665,WH2,207,20
5666,WH3,199,90
5667,WH3,192,53
5668,WH3,208,75
5669,WH4,197,45
5670,WH4,197,61
5671,WH4,202,57
5672,WH3,191,45
5673,WH1,200,78
5674,WH2,182,43
5675,WH4,209,40
5676,WH1,237,79
5677,WH4,179,39
5678,WH4,220,25
5679,WH3,182,86
5680,WH3,192,29
5681,WH4,193,31
5682,WH2,205,41
5683,WH4,200,81
5684,WH2,197,80
5685,WH1,177,99
5686,WH4,176,36
5687,WH2,195,29
5688,WH1,203,31
5689,WH1,201,59
5690,WH3,219,42
5691,WH1,214,59
5692,WH3,204,93
5693,WH1,201,93
5694,WH1,177,69
5695,WH2,222,29
5696,WH2,190,23
5697,WH3,204,20
5698,WH4,198,62
5699,WH2,182,24
5700,WH1,208,53
5701,WH3,193,85
5702,WH3,213,43
5703,WH3,222,33
5704,WH1,209,60
5705,WH2,205,61
5706,WH4,196,32
5707,WH3,191,48
5708,WH1,204,84
5709,WH2,203,65
5710,WH2,200,53
5711,WH4,174,82
5712,WH3,193,23
5713,WH1,207,47
5714,WH2,195,20
5715,WH1,202,55
5716,WH2,209,32
5717,WH3,229,24
5718,WH3,183,33
5719,WH4,208,99
5720,WH2,221,51
5721,WH1,204,69
5722,WH2,175,46
5723,WH1,178,54
5724,WH4,188,22
5725,WH2,217,23
5726,WH3,205,26
5727,WH1,189,96
5728,WH3,200,22
5729,WH4,216,78
5730,WH4,194,93
5731,WH1,214,20
5732,WH2,184,47
5733,WH3,183,78
5734,WH3,189,72
5735,WH1,198,29
5736,WH1,203,90
5737,WH1,194,22
5738,WH4,200,26
5739,WH4,204,28
5740,WH3,188,88
5741,WH2,204,32
5742,WH1,226,59
5743,WH4,190,81
5744,WH2,232,81
5745,WH1,198,29
5746,WH2,198,30
5747,WH1,193,95
5748,WH2,182,81
5749,WH3,177,96
5750,WH1,217,75
5751,WH1,203,68
5752,WH3,190,35
5753,WH1,183,92
5754,WH1,219,93
5755,WH4,172,28
5756,WH3,191,52
5757,WH4,183,54
5758,WH3,174,94
5759,WH2,165,58
5760,WH3,222,96
5761,WH3,217,44
5762,WH4,218,99
5763,WH1,219,75
5764,WH3,211,67
5765,WH1,202,29
5766,WH3,206,60
5767,WH4,195,78
5768,WH3,218,47
5769,WH2,199,60
5770,WH3,199,85
5771,WH3,194,70
5772,WH1,208,81
5773,WH1,185,49
5774,WH2,171,59
5775,WH3,219,59
5776,WH1,233,88
5777,WH3,198,81
5778,WH4,201,34
5779,WH4,196,22
5780,WH2,193,43
5781,WH4,203,60
5782,WH1,186,82
5783,WH1,216,67
5784,WH2,197,80
5785,WH3,212,67
5786,WH1,190,66
5787,WH4,182,75
5788,WH1,197,95
5789,WH2,193,27
5790,WH4,217,97
5791,WH4,185,37
5792,WH4,196,42
5793,WH2,211,88
5794,WH2,193,84
5795,WH3,209,65
5796,WH3,214,85
5797,WH3,213,99
5798,WH2,186,88
5799,WH4,210,41
5800,WH4,190,84
5801,WH1,192,31
5802,WH3,199,38
5803,WH4,195,41
5804,WH4,210,74
5805,WH4,216,81
5806,WH4,212,70
5807,WH2,232,67
5808,WH3,224,36
5809,WH4,179,32
5810,WH4,205,47
5811,WH4,202,86
5812,WH4,189,24
5813,WH1,193,79
5814,WH4,207,34
5815,WH4,215,63
5816,WH4,217,65
5817,WH1,188,48
5818,WH2,217,87
5819,WH1,245,68
5820,WH4,185,62
5821,WH2,203,87
5822,WH4,189,96
5823,WH2,185,39
5824,WH4,181,37
5825,WH4,206,83
5826,WH2,182,68
5827,WH2,207,61
5828,WH4,222,31
5829,WH1,193,98
5830,WH1,198,55
5831,WH1,214,27
5832,WH1,200,47
5833,WH2,202,79
5834,WH2,213,68
5835,WH1,194,57
5836,WH3,210,99
5837,WH3,197,77
5838,WH3,202,24
5839,WH4,187,65
5840,WH1,195,94
5841,WH4,204,21
5842,WH2,219,44
5843,WH2,188,20
5844,WH3,188,88
5845,WH3,184,59
5846,WH2,206,87
5847,WH3,208,88
5848,WH3,203,88
5849,WH2,196,35
5850,WH4,196,73
5851,WH3,179,82
5852,WH4,170,37
5853,WH3,198,36
5854,WH1,184,23
5855,WH4,211,28
5856,WH4,225,50
5857,WH3,184,24
5858,WH4,224,35
5859,WH1,193,61
5860,WH2,205,60
5861,WH1,201,99
5862,WH2,203,49
5863,WH1,196,45
5864,WH1,221,68
5865,WH4,205,50
5866,WH1,219,69
5867,WH3,193,34
5868,WH3,181,71
5869,WH3,227,57
5870,WH3,189,57
5871,WH4,190,79
5872,WH3,197,39
5873,WH1,224,63
5874,WH3,174,82
5875,WH4,212,69
5876,WH2,193,41
5877,WH1,206,91
5878,WH1,200,73
5879,WH4,215,28
5880,WH2,201,34
5881,WH3,171,67
5882,WH2,212,39
5883,WH1,210,54
5884,WH1,208,86
5885,WH1,178,79
5886,WH2,220,53
5887,WH3,204,92
5888,WH1,206,73
5889,WH4,209,31
5890,WH3,225,38
5891,WH1,192,99
5892,WH3,190,45
5893,WH4,168,42
5894,WH2,199,52
5895,WH1,180,76
5896,WH4,161,49
5897,WH1,208,42
5898,WH1,198,93
5899,WH2,208,55
5900,WH2,185,62
5901,WH3,176,85
5902,WH4,182,72
5903,WH4,183,79
5904,WH2,177,56
5905,WH1,204,80
5906,WH3,209,72
5907,WH2,208,31
5908,WH3,188,54
5909,WH3,204,86
5910,WH4,200,57
5911,WH3,202,43
5912,WH4,193,59
5913,WH1,194,84
5914,WH1,196,76
5915,WH2,205,91
5916,WH1,201,98
5917,WH4,189,64
5918,WH3,221,91
5919,WH3,178,32
5920,WH1,207,98
5921,WH4,216,25
5922,WH3,207,90
5923,WH1,207,66
5924,WH4,196,63
5925,WH4,218,51
5926,WH3,202,22
5927,WH2,213,73
5928,WH2,224,97
5929,WH4,193,57
5930,WH4,203,23
5931,WH1,179,98
5932,WH4,211,36
5933,WH1,187,56
5934,WH1,208,55
5935,WH1,189,77
5936,WH4,209,60
5937,WH4,213,27
5938,WH1,208,86
5939,WH3,209,49
5940,WH4,181,71
5941,WH2,224,44
5942,WH3,199,71
5943,WH2,191,78
5944,WH4,227,49
5945,WH3,197,86
5946,WH4,194,23
5947,WH4,195,76
5948,WH3,199,82
5949,WH4,192,51
5950,WH3,186,98
5951,WH4,201,70
5952,WH1,214,82
5953,WH2,200,99
5954,WH1,186,20
5955,WH4,217,38
5956,WH4,220,54
5957,WH4,198,82
5958,WH1,194,45
5959,WH4,215,32
5960,WH3,203,42
5961,WH2,196,54
5962,WH4,186,31
5963,WH4,214,28
5964,WH2,213,97
5965,WH2,188,86
5966,WH2,183,63
5967,WH1,193,80
5968,WH1,216,40
5969,WH4,205,26
5970,WH2,209,30
5971,WH4,182,64
5972,WH4,198,51
5973,WH4,192,55
5974,WH1,225,56
5975,WH2,208,94
5976,WH4,211,60
5977,WH1,204,96
5978,WH3,173,68
5979,WH3,208,34
5980,WH4,197,32
5981,WH4,213,72
5982,WH2,175,52
5983,WH2,224,91
5984,WH4,196,51
5985,WH1,204,67
5986,WH4,185,87
5987,WH2,197,76
5988,WH2,198,81
5989,WH1,199,21
5990,WH4,197,96
5991,WH2,244,35
5992,WH4,180,27
5993,WH2,207,38
5994,WH3,186,51
5995,WH3,194,86
5996,WH3,194,51
5997,WH2,201,44
5998,WH1,213,72
5999,WH3,184,44
6000,WH2,188,52
6001,WH4,193,50
6002,WH3,203,55
6003,WH1,178,68
6004,WH1,187,63
6005,WH1,194,67
6006,WH4,194,49
6007,WH4,190,32
6008,WH1,198,62
6009,WH1,214,35
6010,WH1,193,45
6011,WH4,186,94
6012,WH4,215,66
6013,WH2,208,56
6014,WH3,199,22
6015,WH4,209,45
6016,WH1,185,34
6017,WH3,188,85
6018,WH4,218,47
6019,WH3,185,57
6020,WH2,212,63
6021,WH4,172,72
6022,WH1,208,99
6023,WH1,182,23
6024,WH2,170,91
6025,WH2,177,63
6026,WH2,215,65
6027,WH2,188,45
6028,WH2,202,32
6029,WH4,193,88
6030,WH4,222,63
6031,WH3,207,72
6032,WH2,205,70
6033,WH1,214,32
6034,WH1,194,60
6035,WH2,176,30
6036,WH2,220,56
6037,WH2,210,79
6038,WH2,198,51
6039,WH2,179,64
6040,WH1,212,37
6041,WH3,206,98
6042,WH2,192,39
6043,WH2,193,63
6044,WH2,188,55
6045,WH4,210,88
6046,WH1,188,56
6047,WH1,192,52
6048,WH3,194,38
6049,WH4,211,70
6050,WH4,180,51
6051,WH4,209,41
6052,WH3,193,20
6053,WH3,181,73
6054,WH3,191,39
6055,WH4,207,77
6056,WH1,189,54
6057,WH4,193,89
6058,WH3,208,89
6059,WH4,231,80
6060,WH2,193,82
6061,WH4,207,80
6062,WH4,223,76
6063,WH1,163,22
6064,WH1,211,64
6065,WH1,183,34
6066,WH2,203,36
6067,WH1,182,34
6068,WH2,192,24
6069,WH3,187,65
6070,WH1,201,30
6071,WH4,201,83
6072,WH4,207,33
6073,WH2,212,58
6074,WH1,200,86
6075,WH4,225,74
6076,WH3,208,61
6077,WH1,164,94
6078,WH3,192,24
6079,WH4,203,71
6080,WH1,206,41
6081,WH2,203,96
6082,WH4,192,63
6083,WH3,176,78
6084,WH1,204,44
6085,WH3,214,40
6086,WH3,212,83
6087,WH2,187,87
6088,WH2,209,66
6089,WH4,220,54
6090,WH2,222,26
6091,WH2,197,75
6092,WH4,210,71
6093,WH4,213,65
6094,WH4,202,28
6095,WH4,178,77
6096,WH3,176,42
6097,WH3,216,22
6098,WH4,212,80
6099,WH4,207,28
6100,WH1,193,72
6101,WH1,200,87
6102,WH1,221,68
6103,WH2,213,89
6104,WH3,193,67
6105,WH3,218,26
6106,WH1,240,50
6107,WH1,192,75
6108,WH3,182,80
6109,WH2,226,24
6110,WH1,205,49
6111,WH4,194,41
6112,WH1,199,36
6113,WH3,207,29
6114,WH3,191,90
6115,WH1,180,87
6116,WH1,190,61
6117,WH4,201,46
6118,WH4,196,26
6119,WH2,186,42
6120,WH2,211,94
6121,WH4,187,27
6122,WH2,207,27
6123,WH2,200,24
6124,WH1,199,90
6125,WH4,197,21
6126,WH1,196,70
6127,WH1,217,85
6128,WH2,204,31
6129,WH1,214,66
6130,WH3,214,74
6131,WH2,196,45
6132,WH3,186,64
6133,WH2,191,81
6134,WH1,222,89
6135,WH2,202,21
6136,WH3,207,45
6137,WH2,182,33
6138,WH3,189,76
6139,WH4,177,51
6140,WH1,223,81
6141,WH3,189,97
6142,WH4,210,49
6143,WH1,212,32
6144,WH4,214,59
6145,WH3,194,50
6146,WH1,220,56
6147,WH4,218,64
6148,WH3,204,78
6149,WH4,190,47
6150,WH1,203,80
6151,WH1,209,38
6152,WH1,217,62
6153,WH3,206,78
6154,WH4,199,35
6155,WH4,195,88
6156,WH3,171,63
6157,WH1,210,85
6158,WH2,193,29
6159,WH1,187,66
6160,WH2,190,38
6161,WH1,193,70
6162,WH3,209,32
6163,WH2,200,82
6164,WH3,203,35
6165,WH2,211,72
6166,WH4,190,54
6167,WH2,198,78
6168,WH2,178,58
6169,WH2,202,86
6170,WH4,208,92
6171,WH3,199,80
6172,WH4,184,69
6173,WH2,213,72
6174,WH1,194,65
6175,WH4,217,71
6176,WH1,197,48
6177,WH4,192,24
6178,WH4,211,86
6179,WH2,207,93
6180,WH3,155,94
6181,WH3,195,59
6182,WH2,223,91
6183,WH4,194,21
6184,WH3,214,87
6185,WH3,187,81
6186,WH3,210,99
6187,WH2,197,77
6188,WH1,183,88
6189,WH1,216,77
6190,WH1,161,54
6191,WH1,204,33
6192,WH1,203,34
6193,WH3,212,25
6194,WH3,220,35
6195,WH4,207,65
6196,WH3,211,82
6197,WH2,211,31
6198,WH4,217,60
6199,WH3,195,38
6200,WH4,169,95
6201,WH4,155,96
6202,WH1,189,21
6203,WH4,212,39
6204,WH3,188,28
6205,WH1,198,40
6206,WH3,217,27
6207,WH1,193,58
6208,WH3,190,56
6209,WH1,174,48
6210,WH1,177,54
6211,WH2,194,57
6212,WH3,183,94
6213,WH4,193,54
6214,WH1,198,87
6215,WH3,211,22
6216,WH1,216,31
6217,WH2,184,51
6218,WH2,189,66
6219,WH2,223,82
6220,WH2,198,45
6221,WH4,193,62
6222,WH4,173,96
6223,WH1,212,63
6224,WH3,211,57
6225,WH2,202,48
6226,WH2,198,74
6227,WH4,199,71
6228,WH4,205,38
6229,WH2,217,54
6230,WH3,212,67
6231,WH1,222,79
6232,WH1,210,50
6233,WH1,192,22
6234,WH1,232,54
6235,WH3,209,71
6236,WH3,186,90
6237,WH3,213,70
6238,WH4,176,75
6239,WH2,198,40
6240,WH3,177,20
6241,WH1,184,72
6242,WH3,198,25
6243,WH2,212,81
6244,WH4,183,98
6245,WH1,220,66
6246,WH4,202,69
6247,WH3,199,50
6248,WH1,176,83
6249,WH1,189,48
6250,WH3,206,34
6251,WH3,176,77
6252,WH2,219,42
6253,WH3,210,57
6254,WH3,187,60
6255,WH3,199,94
6256,WH1,221,34
6257,WH2,197,22
6258,WH1,184,20
6259,WH3,225,94
6260,WH2,198,30
6261,WH3,207,79
6262,WH1,195,84
6263,WH1,173,95
6264,WH3,192,23
6265,WH2,210,44
6266,WH1,207,91
6267,WH3,210,98
6268,WH4,183,62
6269,WH3,212,59
6270,WH3,186,63
6271,WH2,202,91
6272,WH3,210,78
6273,WH4,189,42
6274,WH3,213,81
6275,WH4,209,42
6276,WH1,231,77
6277,WH3,191,74
6278,WH2,204,52
6279,WH3,185,96
6280,WH4,196,82
6281,WH4,212,79
6282,WH2,192,80
6283,WH4,204,99
6284,WH3,207,95
6285,WH4,204,80
6286,WH3,194,88
6287,WH3,212,40
6288,WH4,189,22
6289,WH2,190,67
6290,WH1,200,29
6291,WH2,195,61
6292,WH1,197,85
6293,WH2,215,65
6294,WH3,200,28
6295,WH3,200,68
6296,WH4,187,23
6297,WH1,189,79
6298,WH1,206,48
6299,WH4,210,66
6300,WH2,202,96
6301,WH4,179,82
6302,WH2,177,50
6303,WH4,221,70
6304,WH1,210,60
6305,WH1,186,55
6306,WH2,211,59
6307,WH1,215,79
6308,WH1,196,34
6309,WH1,211,97
6310,WH1,180,49
6311,WH3,225,49
6312,WH4,206,46
6313,WH4,184,59
6314,WH3,198,97
6315,WH1,203,64
6316,WH4,201,94
6317,WH4,201,66
6318,WH4,219,75
6319,WH2,217,73
6320,WH3,212,28
6321,WH2,188,84
6322,WH2,211,89
6323,WH3,207,20
6324,WH4,189,32
6325,WH2,224,57
6326,WH4,207,64
6327,WH2,201,59
6328,WH4,192,34
6329,WH1,196,69
6330,WH1,181,21
6331,WH1,176,72
6332,WH3,225,45
6333,WH1,208,85
6334,WH2,214,94
6335,WH4,217,52
6336,WH4,202,78
6337,WH4,176,45
6338,WH4,184,40
6339,WH2,192,68
6340,WH4,185,99
6341,WH2,206,90
6342,WH2,204,90
6343,WH4,189,85
6344,WH4,179,56
6345,WH4,200,33
6346,WH2,190,91
6347,WH3,230,26
6348,WH2,211,57
6349,WH3,199,64
6350,WH4,210,41
6351,WH2,189,63
6352,WH4,232,99
6353,WH3,210,54
6354,WH3,210,79
6355,WH2,188,22
6356,WH2,178,86
6357,WH2,200,91
6358,WH2,201,74
6359,WH1,207,28
6360,WH1,209,88
6361,WH4,199,47
6362,WH3,234,34
6363,WH3,209,50
6364,WH4,198,78
6365,WH4,224,73
6366,WH4,209,87
6367,WH1,188,66
6368,WH4,186,61
6369,WH3,191,42
6370,WH4,193,84
6371,WH2,212,73
6372,WH3,225,30
6373,WH3,194,82
6374,WH3,197,41
6375,WH1,211,73
6376,WH1,215,55
6377,WH3,192,77
6378,WH2,211,39
6379,WH3,166,35
6380,WH1,213,75
6381,WH2,207,69
6382,WH3,209,85
6383,WH1,183,93
6384,WH2,198,32
6385,WH4,196,34
6386,WH4,201,92
6387,WH3,204,46
6388,WH4,195,27
6389,WH1,229,89
6390,WH2,193,69
6391,WH3,228,86
6392,WH2,204,45
6393,WH2,192,55
6394,WH2,201,40
6395,WH1,216,96
6396,WH3,205,71
6397,WH4,179,30
6398,WH2,174,27
6399,WH2,187,76
6400,WH2,181,65
6401,WH1,215,97
6402,WH4,232,21
6403,WH2,213,83
6404,WH1,190,71
6405,WH1,209,84
6406,WH2,208,30
6407,WH2,193,25
6408,WH1,221,98
6409,WH1,196,95
6410,WH2,211,83
6411,WH1,198,74
6412,WH1,202,63
6413,WH2,215,33
6414,WH2,203,24
6415,WH3,198,44
6416,WH4,211,69
6417,WH2,217,92
6418,WH2,212,90
6419,WH2,201,21
6420,WH4,202,29
6421,WH3,181,21
6422,WH1,198,79
6423,WH4,201,64
6424,WH2,193,27
6425,WH2,198,77
6426,WH3,163,26
6427,WH3,217,91
6428,WH3,188,40
6429,WH1,204,66
6430,WH4,209,20
6431,WH4,232,31
6432,WH3,195,94
6433,WH1,210,67
6434,WH4,188,23
6435,WH2,232,53
6436,WH2,200,51
6437,WH2,193,22
6438,WH4,209,87
6439,WH3,182,76
6440,WH2,197,95
6441,WH3,192,43
6442,WH1,206,52
6443,WH2,202,22
6444,WH1,201,23
6445,WH3,165,49
6446,WH4,187,89
6447,WH3,188,68
6448,WH2,188,49
6449,WH2,197,91
6450,WH3,198,35
6451,WH2,193,72
6452,WH2,219,25
6453,WH1,185,43
6454,WH4,193,47
6455,WH3,213,40
6456,WH1,184,27
6457,WH2,210,55
6458,WH1,205,28
6459,WH4,190,59
6460,WH3,196,70
6461,WH4,191,20
6462,WH4,194,82
6463,WH1,184,87
6464,WH1,197,93
6465,WH4,203,45
6466,WH2,215,59
6467,WH3,203,22
6468,WH2,195,28
6469,WH2,206,51
6470,WH3,218,86
6471,WH1,200,23
6472,WH2,190,25
6473,WH1,210,92
6474,WH3,200,45
6475,WH2,195,21
6476,WH1,197,85
6477,WH1,204,22
6478,WH2,196,54
6479,WH3,201,78
6480,WH4,187,57
6481,WH1,224,52
6482,WH3,185,34
6483,WH2,188,94
6484,WH1,224,93
6485,WH1,184,33
6486,WH1,191,85
6487,WH3,219,64
6488,WH1,196,67
6489,WH1,214,63
6490,WH2,183,56
6491,WH1,198,48
6492,WH3,200,53
6493,WH2,187,78
6494,WH4,183,62
6495,WH2,202,52
6496,WH1,209,38
6497,WH4,192,27
6498,WH2,222,50
6499,WH1,214,30
6500,WH2,203,27
6501,WH3,177,44
6502,WH1,196,39
6503,WH3,188,57
6504,WH1,189,26
6505,WH3,199,96
6506,WH4,219,58
6507,WH3,218,93
6508,WH2,185,91
6509,WH1,178,39
6510,WH2,223,30
6511,WH3,236,35
6512,WH1,201,61
6513,WH3,182,71
6514,WH4,217,56
6515,WH4,216,71
6516,WH4,199,28
6517,WH3,204,54
6518,WH3,189,86
6519,WH4,219,26
6520,WH3,187,21
6521,WH2,226,44
6522,WH3,206,95
6523,WH2,186,60
6524,WH4,200,94
6525,WH3,214,71
6526,WH4,164,96
6527,WH1,208,84
6528,WH3,171,96
6529,WH3,193,57
6530,WH4,205,86
6531,WH4,217,99
6532,WH4,220,61
6533,WH1,194,90
6534,WH1,202,73
6535,WH4,213,86
6536,WH3,206,97
6537,WH3,186,83
6538,WH4,204,99
6539,WH2,206,23
6540,WH1,197,50
6541,WH1,223,32
6542,WH2,187,46
6543,WH4,201,78
6544,WH3,206,84
6545,WH3,193,83
6546,WH1,218,44
6547,WH2,194,56
6548,WH3,192,94
6549,WH1,192,92
6550,WH3,189,90
6551,WH3,205,33
6552,WH3,230,43
6553,WH1,208,86
6554,WH2,169,67
6555,WH4,201,84
6556,WH2,170,57
6557,WH3,209,89
6558,WH2,174,78
6559,WH3,197,31
6560,WH1,198,73
6561,WH1,195,70
6562,WH1,182,57
6563,WH3,197,65
6564,WH2,182,29
6565,WH4,217,28
6566,WH4,165,71
6567,WH1,233,70
6568,WH4,205,41
6569,WH3,215,92
6570,WH2,190,91
6571,WH4,199,87
6572,WH4,187,24
6573,WH2,191,48
6574,WH4,207,25
6575,WH2,188,88
6576,WH3,168,77
6577,WH3,188,62
6578,WH3,193,88
6579,WH1,209,91
6580,WH3,193,56
6581,WH4,189,77
6582,WH1,202,56
6583,WH1,190,45
6584,WH1,203,61
6585,WH3,187,35
6586,WH1,207,41
6587,WH3,189,42
6588,WH3,184,66
6589,WH1,190,86
6590,WH1,231,22
6591,WH4,192,31
6592,WH1,224,42
6593,WH3,188,30
6594,WH4,198,71
6595,WH4,191,69
6596,WH3,204,76
6597,WH1,203,83
6598,WH1,198,65
6599,WH2,194,48
6600,WH1,218,89
6601,WH2,192,65
6602,WH4,219,35
6603,WH4,203,70
6604,WH4,196,30
6605,WH2,197,30
6606,WH3,197,82
6607,WH3,194,72
6608,WH4,195,77
6609,WH2,194,38
6610,WH2,212,51
6611,WH4,220,69
6612,WH1,189,91
6613,WH4,187,74
6614,WH2,182,95
6615,WH1,193,60
6616,WH3,167,89
6617,WH1,188,40
6618,WH3,183,45
6619,WH2,208,20
6620,WH4,223,46
6621,WH4,193,69
6622,WH4,230,85
6623,WH4,195,84
6624,WH4,190,29
6625,WH2,203,56
6626,WH2,207,88
6627,WH4,196,60
6628,WH1,204,65
6629,WH4,204,96
6630,WH3,200,64
6631,WH3,211,46
6632,WH3,198,84
6633,WH3,207,27
6634,WH4,208,86
6635,WH3,196,68
6636,WH1,193,33
6637,WH4,185,81
6638,WH3,198,62
6639,WH4,210,46
6640,WH4,188,46
6641,WH4,191,87
6642,WH2,199,94
6643,WH3,189,67
6644,WH2,196,86
6645,WH1,201,44
6646,WH1,180,83
6647,WH2,176,43
6648,WH3,194,28
6649,WH4,177,27
6650,WH1,203,78
6651,WH1,192,36
6652,WH1,192,62
6653,WH3,193,87
6654,WH2,191,23
6655,WH2,197,27
6656,WH3,200,61
6657,WH1,192,68
6658,WH3,215,25
6659,WH3,217,92
6660,WH2,204,61
6661,WH3,222,91
6662,WH3,198,51
6663,WH1,186,34
6664,WH4,186,88
6665,WH1,206,46
6666,WH2,198,85
6667,WH4,184,78
6668,WH1,201,47
6669,WH3,205,43
6670,WH3,191,70
6671,WH4,186,40
6672,WH4,173,50
6673,WH3,200,94
6674,WH2,202,69
6675,WH1,216,59
6676,WH3,175,87
6677,WH1,197,35
6678,WH1,207,95
6679,WH1,217,82
6680,WH1,194,75
6681,WH2,221,99
6682,WH2,195,43
6683,WH2,228,47
6684,WH3,201,50
6685,WH3,217,34
6686,WH3,188,61
6687,WH2,191,69
6688,WH1,205,24
6689,WH2,194,67
6690,WH3,213,32
6691,WH4,187,51
6692,WH3,197,86
6693,WH1,194,98
6694,WH2,203,49
6695,WH4,176,25
6696,WH4,183,44
6697,WH1,203,47
6698,WH2,204,81
6699,WH4,204,41
6700,WH3,222,87
6701,WH1,212,34
6702,WH4,180,45
6703,WH1,216,82
6704,WH2,198,37
6705,WH2,205,92
6706,WH2,187,82
6707,WH3,209,81
6708,WH4,232,87
6709,WH2,179,67
6710,WH3,200,69
6711,WH2,189,82
6712,WH2,192,88
6713,WH4,222,25
6714,WH3,207,77
6715,WH2,214,70
6716,WH3,221,31
6717,WH3,181,66
6718,WH2,190,28
6719,WH2,200,26
6720,WH1,210,48
6721,WH4,238,97
6722,WH2,193,70
6723,WH1,185,74
6724,WH4,190,78
6725,WH2,190,75
6726,WH3,200,41
6727,WH4,185,37
6728,WH3,205,77
6729,WH1,196,59
6730,WH2,220,50
6731,WH1,185,75
6732,WH2,181,54
6733,WH2,208,45
6734,WH3,201,87
6735,WH1,193,53
6736,WH3,180,95
6737,WH3,208,35
6738,WH3,212,61
6739,WH1,198,24
6740,WH2,182,80
6741,WH2,213,63
6742,WH1,200,54
6743,WH2,208,20
6744,WH1,165,62
6745,WH1,190,51
6746,WH2,224,82
6747,WH4,192,52
6748,WH3,204,96
6749,WH1,197,85
6750,WH1,222,49
6751,WH4,190,29
6752,WH1,201,42
6753,WH1,191,58
6754,WH2,207,64
6755,WH2,231,48
6756,WH4,193,49
6757,WH1,214,53
6758,WH3,217,71
6759,WH2,211,41
6760,WH3,187,24
6761,WH3,201,30
6762,WH4,206,51
6763,WH4,211,43
6764,WH1,207,30
6765,WH4,174,30
6766,WH2,191,36
6767,WH1,218,51
6768,WH1,180,46
6769,WH3,188,51
6770,WH3,200,80
6771,WH3,203,44
6772,WH1,211,83
6773,WH4,187,83
6774,WH4,200,47
6775,WH4,178,59
6776,WH1,217,33
6777,WH1,190,61
6778,WH1,192,58
6779,WH1,210,21
6780,WH1,206,20
6781,WH4,212,51
6782,WH1,209,83
6783,WH4,192,97
6784,WH1,232,50
6785,WH4,209,77
6786,WH2,179,97
6787,WH2,207,33
6788,WH4,174,88
6789,WH2,208,35
6790,WH2,187,88
6791,WH4,207,73
6792,WH1,204,32
6793,WH1,213,99
6794,WH4,199,98
6795,WH3,195,50
6796,WH3,174,88
6797,WH2,218,40
6798,WH3,212,49
6799,WH2,200,42
6800,WH1,207,57
6801,WH4,212,48
6802,WH1,191,96
6803,WH4,180,51
6804,WH3,172,81
6805,WH1,231,64
6806,WH1,196,68
6807,WH2,182,52
6808,WH4,196,23
6809,WH3,201,37
6810,WH1,215,89
6811,WH4,193,83
6812,WH3,222,47
6813,WH1,204,77
6814,WH4,206,75
6815,WH2,176,39
6816,WH1,187,96
6817,WH4,221,53
6818,WH3,189,29
6819,WH3,194,41
6820,WH2,209,24
6821,WH1,220,63
6822,WH2,206,28
6823,WH4,201,62
6824,WH3,196,23
6825,WH2,187,61
6826,WH1,211,84
6827,WH4,204,60
6828,WH1,161,83
6829,WH2,222,74
6830,WH3,197,37
6831,WH3,220,35
6832,WH2,217,65
6833,WH1,201,55
6834,WH1,215,85
6835,WH1,201,63
6836,WH1,199,24
6837,WH3,196,48
6838,WH1,212,23
6839,WH2,201,68
6840,WH2,222,91
6841,WH2,201,27
6842,WH2,188,71
6843,WH1,201,88
6844,WH3,177,40
6845,WH4,197,46
6846,WH1,212,57
6847,WH4,185,24
6848,WH3,205,80
6849,WH1,196,27
6850,WH4,186,37
6851,WH3,185,23
6852,WH4,188,23
6853,WH2,217,56
6854,WH2,192,34
6855,WH3,219,57
6856,WH3,226,46
6857,WH4,183,67
6858,WH3,207,65
6859,WH2,184,65
6860,WH2,201,67
6861,WH1,192,78
6862,WH4,208,23
6863,WH3,205,94
6864,WH3,218,38
6865,WH3,195,76
6866,WH4,208,38
6867,WH2,224,61
6868,WH3,219,24
6869,WH3,193,67
6870,WH2,177,44
6871,WH3,212,86
6872,WH1,184,45
6873,WH2,182,93
6874,WH2,179,81
6875,WH2,204,26
6876,WH1,190,63
6877,WH2,214,46
6878,WH4,210,61
6879,WH4,183,92
6880,WH4,218,75
6881,WH2,208,22
6882,WH2,194,32
6883,WH2,207,89
6884,WH1,197,78
6885,WH4,190,57
6886,WH3,214,87
6887,WH3,205,88
6888,WH2,224,20
6889,WH1,193,69
6890,WH2,195,92
6891,WH3,194,28
6892,WH4,211,72
6893,WH3,194,29
6894,WH4,197,96
6895,WH4,208,48
6896,WH1,186,55
6897,WH3,194,46
6898,WH2,193,37
6899,WH1,220,37
6900,WH4,207,28
6901,WH3,214,86
6902,WH2,203,26
6903,WH1,183,77
6904,WH2,175,98
6905,WH3,185,49
6906,WH2,215,92
6907,WH1,204,80
6908,WH2,190,36
6909,WH3,180,72
6910,WH1,196,25
6911,WH4,198,58
6912,WH1,212,44
6913,WH3,190,61
6914,WH2,181,61
6915,WH4,207,78
6916,WH4,198,57
6917,WH2,208,50
6918,WH3,199,48
6919,WH1,231,28
6920,WH3,178,20
6921,WH4,190,99
6922,WH1,206,91
6923,WH1,192,66
6924,WH2,210,95
6925,WH3,173,29
6926,WH1,220,35
6927,WH2,177,66
6928,WH3,212,62
6929,WH4,211,43
6930,WH4,186,27
6931,WH3,180,94
6932,WH1,207,45
6933,WH1,206,26
6934,WH4,209,98
6935,WH4,213,34
6936,WH1,194,67
6937,WH3,197,22
6938,WH4,198,35
6939,WH1,186,98
6940,WH3,202,33
6941,WH2,205,94
6942,WH3,199,22
6943,WH1,178,92
6944,WH3,193,89
6945,WH1,203,50
6946,WH4,195,99
6947,WH2,205,94
6948,WH4,193,36
6949,WH4,212,68
6950,WH1,187,22
6951,WH1,188,74
6952,WH1,212,91
6953,WH1,216,59
6954,WH4,189,85
6955,WH1,218,59
6956,WH1,198,49
6957,WH4,219,44
6958,WH2,191,26
6959,WH2,219,69
6960,WH3,207,20
6961,WH4,208,63
6962,WH1,188,68
6963,WH3,207,26
6964,WH2,216,22
6965,WH2,213,20
6966,WH4,213,70
6967,WH1,180,57
6968,WH1,188,62
6969,WH3,180,74
6970,WH2,219,76
6971,WH3,217,72
6972,WH3,173,52
6973,WH3,213,99
6974,WH1,207,81
6975,WH2,221,30
6976,WH3,232,91
6977,WH2,176,71
6978,WH2,206,20
6979,WH3,189,33
6980,WH3,201,40
6981,WH4,192,53
6982,WH1,211,33
6983,WH2,184,59
6984,WH3,201,54
6985,WH3,183,61
6986,WH2,223,39
6987,WH3,191,79
6988,WH4,191,28
6989,WH2,209,52
6990,WH3,179,68
6991,WH2,198,87
6992,WH3,209,23
6993,WH3,191,67
6994,WH1,194,35
6995,WH2,203,66
6996,WH1,161,45
6997,WH3,210,89
6998,WH2,196,56
6999,WH2,233,41
7000,WH4,189,26
7001,WH4,210,61
7002,WH3,194,49
7003,WH3,204,93
7004,WH3,222,98
7005,WH3,191,25
7006,WH4,182,43
7007,WH2,170,85
7008,WH1,201,59
7009,WH2,208,34
7010,WH2,198,72
7011,WH4,198,24
7012,WH2,182,55
7013,WH2,196,93
7014,WH3,211,65
7015,WH1,212,42
7016,WH2,199,64
7017,WH2,186,29
7018,WH1,184,73
7019,WH3,199,89
7020,WH4,224,96
7021,WH4,188,51
7022,WH2,184,62
7023,WH3,225,34
7024,WH4,186,85
7025,WH4,189,34
7026,WH4,184,39
7027,WH4,194,69
7028,WH4,191,25
7029,WH2,192,98
7030,WH4,204,36
7031,WH2,178,45
7032,WH1,187,41
7033,WH1,227,92
7034,WH3,195,83
7035,WH2,193,95
7036,WH3,179,77
7037,WH1,200,56
7038,WH1,191,97
7039,WH1,192,91
7040,WH1,219,47
7041,WH4,178,68
7042,WH1,212,92
7043,WH4,164,86
7044,WH4,210,95
7045,WH3,197,86
7046,WH4,212,60
7047,WH3,198,65
7048,WH4,185,74
7049,WH4,186,30
7050,WH1,182,45
7051,WH2,201,91
7052,WH4,204,32
7053,WH2,207,55
7054,WH2,214,83
7055,WH2,185,70
7056,WH4,204,95
7057,WH2,190,41
7058,WH4,189,79
7059,WH1,203,21
7060,WH4,207,75
7061,WH3,217,59
7062,WH1,184,47
7063,WH2,210,96
7064,WH2,221,22
7065,WH3,203,82
7066,WH1,191,42
7067,WH3,194,74
7068,WH2,176,51
7069,WH4,182,47
7070,WH2,240,27
7071,WH3,203,22
7072,WH4,202,72
7073,WH4,192,48
7074,WH2,199,78
7075,WH4,205,43
7076,WH1,204,57
7077,WH2,201,47
7078,WH2,185,81
7079,WH1,202,70
7080,WH2,228,26
7081,WH3,210,42
7082,WH3,201,65
7083,WH2,192,97
7084,WH1,210,47
7085,WH4,206,43
7086,WH1,222,26
7087,WH3,208,98
7088,WH2,216,68
7089,WH1,222,22
7090,WH4,194,21
7091,WH4,194,26
7092,WH4,190,99
7093,WH4,218,40
7094,WH1,198,28
7095,WH4,215,31
7096,WH3,199,43
7097,WH4,193,52
7098,WH3,196,97
7099,WH1,185,62
7100,WH3,203,24
7101,WH1,222,98
7102,WH4,187,90
7103,WH2,213,33
7104,WH3,200,55
7105,WH3,179,54
7106,WH2,190,69
7107,WH1,204,98
7108,WH1,207,30
7109,WH4,180,43
7110,WH3,207,94
7111,WH1,195,63
7112,WH4,209,70
7113,WH1,181,36
7114,WH2,199,89
7115,WH2,213,27
7116,WH2,187,98
7117,WH4,195,93
7118,WH3,218,47
7119,WH2,176,98
7120,WH2,207,31
7121,WH1,189,62
7122,WH2,199,56
7123,WH3,213,82
7124,WH4,216,82
7125,WH2,193,29
7126,WH4,208,97
7127,WH4,192,99
7128,WH3,201,56
7129,WH1,187,30
7130,WH1,206,38
7131,WH4,222,71
7132,WH2,182,37
7133,WH4,207,51
7134,WH1,208,42
7135,WH2,227,31
7136,WH1,226,77
7137,WH3,206,96
7138,WH1,179,40
7139,WH2,220,40
7140,WH2,213,48
7141,WH4,188,98
7142,WH2,197,66
7143,WH3,223,31
7144,WH1,194,77
7145,WH4,208,60
7146,WH4,188,38
7147,WH2,218,31
7148,WH3,194,42
7149,WH4,195,24
7150,WH3,185,45
7151,WH3,193,82
7152,WH1,208,71
7153,WH1,220,29
7154,WH1,231,58
7155,WH3,182,42
7156,WH1,205,30
7157,WH4,207,91
7158,WH4,198,67
7159,WH2,179,35
7160,WH3,211,65
7161,WH1,193,66
7162,WH4,235,67
7163,WH3,179,99
7164,WH3,206,88
7165,WH1,193,44
7166,WH3,198,96
7167,WH1,223,56
7168,WH1,200,82
7169,WH1,216,48
7170,WH3,184,77
7171,WH3,212,50
7172,WH1,195,87
7173,WH3,200,60
7174,WH1,214,69
7175,WH2,177,63
7176,WH3,190,28
7177,WH3,183,78
7178,WH2,179,46
7179,WH2,196,78
7180,WH2,198,22
7181,WH1,183,26
7182,WH1,219,35
7183,WH4,197,68
7184,WH2,210,51
7185,WH4,209,63
7186,WH1,173,38
7187,WH3,192,22
7188,WH2,210,79
7189,WH3,188,54
7190,WH1,206,48
7191,WH2,201,94
7192,WH4,181,89
7193,WH4,193,64
7194,WH1,217,46
7195,WH3,209,88
7196,WH1,187,54
7197,WH3,174,38
7198,WH1,184,36
7199,WH4,204,54
7200,WH3,189,96
7201,WH1,209,97
7202,WH2,199,49
7203,WH4,192,67
7204,WH4,225,76
7205,WH2,247,36
7206,WH1,221,34
7207,WH3,194,33
7208,WH4,181,33
7209,WH1,213,64
7210,WH2,193,57
7211,WH3,199,82
7212,WH1,219,94
7213,WH1,193,30
7214,WH4,217,67
7215,WH4,224,45
7216,WH3,205,86
7217,WH1,218,44
7218,WH2,197,80
7219,WH2,188,45
7220,WH3,209,53
7221,WH1,209,28
7222,WH4,242,59
7223,WH1,209,94
7224,WH4,182,26
7225,WH2,212,49
7226,WH3,188,85
7227,WH3,204,49
7228,WH3,216,87
7229,WH4,203,77
7230,WH2,203,74
7231,WH2,157,33
7232,WH3,212,96
7233,WH3,204,96
7234,WH4,210,96
7235,WH4,200,56
7236,WH1,198,63
7237,WH4,237,25
7238,WH1,202,45
7239,WH3,189,33
7240,WH2,210,27
7241,WH4,203,43
7242,WH2,191,58
7243,WH4,182,68
7244,WH4,213,82
7245,WH1,192,45
7246,WH4,199,29
7247,WH3,196,96
7248,WH2,185,77
7249,WH4,240,33
7250,WH2,193,92
7251,WH2,199,90
7252,WH2,196,58
7253,WH4,180,50
7254,WH1,185,69
7255,WH2,184,35
7256,WH2,200,91
7257,WH4,209,70
7258,WH4,200,34
7259,WH3,205,57
7260,WH3,214,98
7261,WH1,188,90
7262,WH1,203,91
7263,WH1,195,40
7264,WH1,195,35
7265,WH2,200,86
7266,WH4,218,84
7267,WH3,186,32
7268,WH2,194,83
7269,WH4,227,80
7270,WH4,218,51
7271,WH2,220,31
7272,WH2,209,60
7273,WH3,216,85
7274,WH1,222,27
7275,WH1,197,78
7276,WH3,218,44
7277,WH3,210,24
7278,WH1,225,64
7279,WH2,182,21
7280,WH1,170,61
7281,WH4,189,57
7282,WH4,196,22
7283,WH3,185,65
7284,WH1,196,41
7285,WH1,219,52
7286,WH4,201,51
7287,WH1,195,36
7288,WH3,194,75
7289,WH3,198,22
7290,WH4,198,89
7291,WH1,214,68
7292,WH1,208,74
7293,WH4,183,96
7294,WH2,207,50
7295,WH2,190,40
7296,WH1,215,35
7297,WH3,201,36
7298,WH2,185,20
7299,WH1,213,91
7300,WH2,198,84
7301,WH4,225,85
7302,WH2,188,56
7303,WH2,185,43
7304,WH4,193,81
7305,WH3,204,40
7306,WH1,185,56
7307,WH3,213,54
7308,WH3,227,57
7309,WH2,205,72
7310,WH1,200,34
7311,WH2,211,61
7312,WH4,180,23
7313,WH3,209,58
7314,WH3,177,98
7315,WH4,168,42
7316,WH1,222,34
7317,WH3,190,31
7318,WH3,204,89
7319,WH1,212,73
7320,WH2,194,57
7321,WH4,193,47
7322,WH1,193,98
7323,WH4,201,38
7324,WH4,211,88
7325,WH3,191,83
7326,WH1,191,23
7327,WH4,211,29
7328,WH2,183,31
7329,WH4,215,88
7330,WH3,207,26
7331,WH2,199,63
7332,WH2,209,42
7333,WH1,212,21
7334,WH2,200,56
7335,WH1,203,88
7336,WH1,207,39
7337,WH2,196,63
7338,WH1,205,89
7339,WH1,189,93
7340,WH2,184,70
7341,WH3,192,99
7342,WH4,213,50
7343,WH1,193,60
7344,WH1,222,77
7345,WH2,172,24
7346,WH4,203,52
7347,WH4,193,62
7348,WH1,211,38
7349,WH2,203,51
7350,WH3,185,22
7351,WH4,201,20
7352,WH3,220,60
7353,WH2,177,67
7354,WH3,190,58
7355,WH2,218,24
7356,WH1,224,96
7357,WH3,206,30
7358,WH1,184,41
7359,WH1,180,83
7360,WH2,203,31
7361,WH3,209,72
7362,WH4,203,74
7363,WH3,199,72
7364,WH4,197,40
7365,WH1,234,38
7366,WH1,223,88
7367,WH2,206,91
7368,WH4,197,85
7369,WH3,231,78
7370,WH2,232,68
7371,WH2,181,78
7372,WH2,189,42
7373,WH3,214,22
7374,WH2,210,75
7375,WH3,182,77
7376,WH2,210,81
7377,WH4,188,37
7378,WH1,174,80
7379,WH4,186,56
7380,WH4,180,73
7381,WH2,204,97
7382,WH4,218,84
7383,WH4,224,33
7384,WH4,209,24
7385,WH2,223,81
7386,WH3,184,20
7387,WH1,221,82
7388,WH1,238,86
7389,WH3,194,39
7390,WH3,188,62
7391,WH4,201,61
7392,WH1,189,88
7393,WH3,209,93
7394,WH4,187,58
7395,WH1,191,81
7396,WH2,200,67
7397,WH2,189,25
7398,WH1,217,93
7399,WH1,211,61
7400,WH2,218,77
7401,WH2,203,62
7402,WH1,202,29
7403,WH4,228,97
7404,WH3,189,58
7405,WH3,233,32
7406,WH1,208,94
7407,WH3,192,58
7408,WH2,188,30
7409,WH2,220,35
7410,WH3,196,52
7411,WH1,186,79
7412,WH2,208,78
7413,WH4,200,93
7414,WH4,183,70
7415,WH2,194,34
7416,WH2,186,99
7417,WH3,178,62
7418,WH1,220,46
7419,WH3,178,75
7420,WH1,206,79
7421,WH4,246,89
7422,WH4,212,66
7423,WH1,205,27
7424,WH3,187,82
7425,WH2,205,26
7426,WH1,219,21
7427,WH3,200,36
7428,WH4,210,23
7429,WH2,200,45
7430,WH4,188,97
7431,WH1,193,91
7432,WH4,212,88
7433,WH4,195,24
7434,WH1,221,24
7435,WH2,209,88
7436,WH1,190,22
7437,WH3,185,57
7438,WH1,193,20
7439,WH1,189,27
7440,WH2,209,32
7441,WH3,198,89
7442,WH4,196,69
7443,WH4,210,27
7444,WH4,198,49
7445,WH4,188,59
7446,WH2,185,98
7447,WH3,205,93
7448,WH2,221,52
7449,WH1,206,92
7450,WH3,219,71
7451,WH3,197,52
7452,WH4,209,92
7453,WH4,194,97
7454,WH4,202,56
7455,WH4,211,89
7456,WH1,193,88
7457,WH4,218,23
7458,WH2,209,79
7459,WH3,187,99
7460,WH1,221,93
7461,WH1,172,50
7462,WH3,183,33
7463,WH3,207,96
7464,WH3,180,79
7465,WH1,207,87
7466,WH2,205,45
7467,WH2,204,43
7468,WH3,203,75
7469,WH1,185,28
7470,WH4,186,54
7471,WH1,207,98
7472,WH3,192,43
7473,WH1,183,50
7474,WH1,204,85
7475,WH1,199,85
7476,WH4,203,60
7477,WH3,220,55
7478,WH3,187,53
7479,WH3,213,58
7480,WH2,211,42
7481,WH2,202,99
7482,WH3,226,63
7483,WH1,216,89
7484,WH1,209,77
7485,WH3,209,78
7486,WH4,190,45
7487,WH4,179,41
7488,WH1,201,59
7489,WH1,190,30
7490,WH2,199,28
7491,WH4,200,31
7492,WH1,206,45
7493,WH1,210,57
7494,WH3,193,22
7495,WH2,190,34
7496,WH4,195,66
7497,WH4,194,24
7498,WH2,204,73
7499,WH1,218,43
7500,WH4,187,30
7501,WH4,198,52
7502,WH4,196,93
7503,WH3,190,76
7504,WH2,185,71
7505,WH4,228,83
7506,WH2,209,62
7507,WH1,208,63
7508,WH2,213,55
7509,WH3,197,31
7510,WH3,212,75
7511,WH2,205,22
7512,WH3,190,69
7513,WH4,203,48
7514,WH3,208,96
7515,WH1,222,35
7516,WH2,196,59
7517,WH2,206,46
7518,WH1,191,89
7519,WH1,194,61
7520,WH1,185,76
7521,WH1,225,29
7522,WH4,192,57
7523,WH3,221,27
7524,WH3,200,37
7525,WH4,208,36
7526,WH1,194,77
7527,WH2,187,85
7528,WH2,211,63
7529,WH2,189,93
7530,WH1,201,28
7531,WH4,188,67
7532,WH4,189,58
7533,WH4,201,25
7534,WH3,191,49
7535,WH3,180,93
7536,WH3,195,37
7537,WH3,184,62
7538,WH2,207,52
7539,WH2,205,72
7540,WH4,189,75
7541,WH3,211,38
7542,WH4,206,88
7543,WH1,220,45
7544,WH3,214,48
7545,WH3,209,43
7546,WH4,204,25
7547,WH4,196,73
7548,WH1,210,58
7549,WH4,207,23
7550,WH3,213,77
7551,WH2,199,67
7552,WH1,197,79
7553,WH1,219,45
7554,WH3,191,98
7555,WH2,205,96
7556,WH4,207,59
7557,WH4,215,96
7558,WH2,186,75
7559,WH2,209,58
7560,WH3,212,58
7561,WH4,190,67
7562,WH3,227,44
7563,WH4,180,53
7564,WH4,219,40
7565,WH2,221,44
7566,WH3,206,41
7567,WH2,185,42
7568,WH3,188,44
7569,WH4,222,97
7570,WH1,224,97
7571,WH1,197,45
7572,WH3,196,49
7573,WH3,208,57
7574,WH2,215,53
7575,WH4,212,96
7576,WH1,235,92
7577,WH2,212,34
7578,WH3,200,63
7579,WH4,164,29
7580,WH2,234,56
7581,WH2,186,26
7582,WH3,204,51
7583,WH4,211,30
7584,WH1,200,67
7585,WH2,188,87
7586,WH3,232,67
7587,WH2,185,64
7588,WH3,202,52
7589,WH3,203,23
7590,WH3,198,66
7591,WH4,167,72
7592,WH1,181,50
7593,WH4,202,50
7594,WH1,213,46
7595,WH3,177,67
7596,WH1,184,55
7597,WH4,223,68
7598,WH2,224,50
7599,WH4,188,63
7600,WH4,205,78
7601,WH4,194,42
7602,WH4,190,87
7603,WH4,195,61
7604,WH1,182,61
7605,WH1,225,32
7606,WH2,171,20
7607,WH4,207,95
7608,WH4,190,72
7609,WH2,205,59
7610,WH2,184,65
7611,WH3,197,41
7612,WH2,180,71
7613,WH2,205,47
7614,WH2,183,72
7615,WH3,208,82
7616,WH1,181,36
7617,WH3,178,83
7618,WH1,197,25
7619,WH2,198,33
7620,WH3,226,36
7621,WH3,203,57
7622,WH1,200,88
7623,WH3,200,32
7624,WH3,203,72
7625,WH4,220,28
7626,WH1,190,63
7627,WH3,216,45
7628,WH3,204,96
7629,WH2,199,38
7630,WH4,221,67
7631,WH4,213,99
7632,WH2,229,49
7633,WH2,200,51
7634,WH2,198,97
7635,WH2,193,98
7636,WH4,197,95
7637,WH3,208,94
7638,WH3,214,88
7639,WH2,201,30
7640,WH1,191,45
7641,WH2,203,45
7642,WH3,197,36
7643,WH1,202,63
7644,WH2,188,42
7645,WH1,199,44
7646,WH2,199,56
7647,WH4,190,95
7648,WH3,195,84
7649,WH2,203,21
7650,WH1,212,93
7651,WH3,195,51
7652,WH2,199,93
7653,WH2,211,74
7654,WH2,193,69
7655,WH2,209,84
7656,WH4,198,51
7657,WH3,184,56
7658,WH4,199,95
7659,WH3,181,32
7660,WH2,224,73
7661,WH3,209,22
7662,WH1,206,61
7663,WH3,191,97
7664,WH1,229,59
7665,WH1,172,93
7666,WH4,176,85
7667,WH3,205,79
7668,WH2,179,30
7669,WH3,184,20
7670,WH4,215,45
7671,WH1,199,61
7672,WH1,227,81
7673,WH4,196,80
7674,WH4,213,96
7675,WH3,214,81
7676,WH1,202,93
7677,WH4,198,31
7678,WH3,192,46
7679,WH3,221,86
7680,WH2,200,47
7681,WH1,186,85
7682,WH3,224,47
7683,WH4,200,40
7684,WH1,214,26
7685,WH4,212,33
7686,WH4,187,58
7687,WH3,202,92
7688,WH3,186,81
7689,WH2,198,31
7690,WH4,182,57
7691,WH3,182,77
7692,WH2,192,75
7693,WH1,196,58
7694,WH2,209,23
7695,WH2,181,67
7696,WH4,204,26
7697,WH1,175,79
7698,WH4,190,59
7699,WH4,206,27
7700,WH2,196,77
7701,WH2,190,76
7702,WH3,166,54
7703,WH2,205,92
7704,WH3,180,32
7705,WH4,192,58
7706,WH2,199,40
7707,WH1,203,66
7708,WH1,214,21
7709,WH4,186,63
7710,WH4,209,49
7711,WH2,193,74
7712,WH3,220,59
7713,WH2,216,96
7714,WH3,222,43
7715,WH2,226,61
7716,WH1,213,47
7717,WH1,185,70
7718,WH3,195,41
7719,WH2,188,97
7720,WH4,196,93
7721,WH3,198,93
7722,WH1,205,27
7723,WH3,201,33
7724,WH2,170,64
7725,WH4,198,57
7726,WH4,199,51
7727,WH3,192,81
7728,WH2,192,86
7729,WH2,199,80
7730,WH4,169,32
7731,WH1,209,99
7732,WH2,189,66
7733,WH4,194,73
7734,WH4,215,90
7735,WH2,221,71
7736,WH2,188,91
7737,WH3,207,44
7738,WH1,209,42
7739,WH3,184,93
7740,WH3,187,49
7741,WH4,190,30
7742,WH4,202,54
7743,WH1,202,46
7744,WH3,223,86
7745,WH3,199,66
7746,WH4,205,69
7747,WH4,197,27
7748,WH2,177,74
7749,WH3,168,96
7750,WH1,198,61
7751,WH3,178,86
7752,WH4,215,39
7753,WH2,211,64
7754,WH3,207,54
7755,WH1,225,96
7756,WH4,209,39
7757,WH2,213,43
7758,WH3,189,76
7759,WH1,210,74
7760,WH4,192,28
7761,WH1,203,35
7762,WH3,199,74
7763,WH4,218,91
7764,WH3,223,77
7765,WH2,210,83
7766,WH3,208,95
7767,WH2,194,68
7768,WH3,195,48
7769,WH1,205,98
7770,WH1,214,26
7771,WH4,198,96
7772,WH1,211,88
7773,WH1,197,21
7774,WH2,192,52
7775,WH1,174,67
7776,WH2,209,56
7777,WH2,176,49
7778,WH2,195,60
7779,WH3,216,23
7780,WH2,193,58
7781,WH3,223,43
7782,WH2,190,69
7783,WH3,197,56
7784,WH4,164,72
7785,WH4,206,44
7786,WH3,204,50
7787,WH4,211,57
7788,WH1,224,77
7789,WH2,184,72
7790,WH3,218,69
7791,WH4,223,23
7792,WH4,205,71
7793,WH1,195,50
7794,WH2,204,97
7795,WH1,198,33
7796,WH3,185,20
7797,WH4,209,62
7798,WH4,199,78
7799,WH4,192,80
7800,WH1,191,60
7801,WH1,188,37
7802,WH2,194,79
7803,WH3,210,88
7804,WH2,186,98
7805,WH2,249,78
7806,WH4,223,61
7807,WH1,186,99
7808,WH3,210,55
7809,WH2,213,59
7810,WH3,200,49
7811,WH4,186,30
7812,WH2,172,44
7813,WH1,183,64
7814,WH2,191,70
7815,WH4,224,62
7816,WH2,181,85
7817,WH4,210,66
7818,WH2,241,43
7819,WH3,211,96
7820,WH1,222,56
7821,WH4,198,75
7822,WH3,216,94
7823,WH4,179,65
7824,WH2,187,47
7825,WH4,208,71
7826,WH4,207,34
7827,WH1,192,64
7828,WH3,193,77
7829,WH2,208,86
7830,WH1,197,92
7831,WH4,209,91
7832,WH1,192,92
7833,WH4,180,60
7834,WH2,190,84
7835,WH4,187,59
7836,WH1,188,24
7837,WH1,218,94
7838,WH4,195,47
7839,WH3,177,57
7840,WH1,182,37
7841,WH3,183,56
7842,WH3,206,46
7843,WH3,207,44
7844,WH3,217,88
7845,WH1,207,46
7846,WH1,203,96
7847,WH3,199,73
7848,WH1,209,26
7849,WH3,214,97
7850,WH3,193,46
7851,WH3,211,78
7852,WH4,189,91
7853,WH2,220,50
7854,WH1,209,87
7855,WH1,180,23
7856,WH3,184,37
7857,WH4,213,82
7858,WH4,210,95
7859,WH1,182,71
7860,WH3,186,82
7861,WH1,194,64
7862,WH3,211,31
7863,WH3,203,27
7864,WH2,209,41
7865,WH3,213,60
7866,WH2,187,60
7867,WH1,186,76
7868,WH1,202,51
7869,WH4,216,74
7870,WH2,201,25
7871,WH1,197,58
7872,WH2,199,28
7873,WH1,228,51
7874,WH2,215,55
7875,WH2,191,35
7876,WH3,197,31
7877,WH1,202,60
7878,WH4,201,86
7879,WH3,191,77
7880,WH4,231,28
7881,WH2,225,36
7882,WH3,199,24
7883,WH2,191,45
7884,WH1,204,20
7885,WH1,195,20
7886,WH4,227,54
7887,WH1,188,28
7888,WH4,193,57
7889,WH2,190,23
7890,WH3,207,71
7891,WH1,179,38
7892,WH2,212,24
7893,WH3,185,67
7894,WH2,211,82
7895,WH4,180,57
7896,WH2,188,71
7897,WH4,198,65
7898,WH4,192,28
7899,WH1,200,69
7900,WH4,176,93
7901,WH4,202,85
7902,WH2,208,96
7903,WH4,196,57
7904,WH4,198,46
7905,WH2,205,39
7906,WH3,196,81
7907,WH1,178,93
7908,WH2,170,35
7909,WH4,185,98
7910,WH2,190,32
7911,WH3,185,39
7912,WH2,200,43
7913,WH2,242,69
7914,WH2,208,26
7915,WH2,201,48
7916,WH4,194,24
7917,WH2,204,54
7918,WH3,189,84
7919,WH2,183,89
7920,WH2,186,93
7921,WH4,189,26
7922,WH4,175,63
7923,WH2,215,91
7924,WH4,212,32
7925,WH4,210,97
7926,WH2,200,94
7927,WH4,203,57
7928,WH1,190,32
7929,WH1,194,73
7930,WH1,195,63
7931,WH4,217,32
7932,WH1,193,44
7933,WH3,208,43
7934,WH1,208,48
7935,WH3,180,89
7936,WH4,196,37
7937,WH1,166,24
7938,WH3,192,37
7939,WH4,195,82
7940,WH1,194,56
7941,WH2,204,90
7942,WH1,201,74
7943,WH1,187,92
7944,WH1,200,31
7945,WH2,203,71
7946,WH3,213,76
7947,WH3,229,65
7948,WH2,200,63
7949,WH1,183,43
7950,WH1,192,28
7951,WH1,201,31
7952,WH3,213,28
7953,WH3,203,41
7954,WH2,201,36
7955,WH4,197,52
7956,WH2,173,66
7957,WH3,184,34
7958,WH1,231,52
7959,WH1,222,34
7960,WH1,200,46
7961,WH1,198,80
7962,WH4,193,87
7963,WH2,175,67
7964,WH2,196,27
7965,WH3,208,25
7966,WH2,200,82
7967,WH4,205,21
7968,WH4,216,41
7969,WH4,212,40
7970,WH1,208,25
7971,WH3,198,89
7972,WH4,224,32
7973,WH2,196,20
7974,WH2,197,41
7975,WH2,197,43
7976,WH4,210,83
7977,WH4,186,60
7978,WH2,218,41
7979,WH4,186,80
7980,WH2,205,31
7981,WH1,178,23
7982,WH4,212,99
7983,WH1,217,31
7984,WH1,205,52
7985,WH4,184,40
7986,WH2,171,92
7987,WH3,183,91
7988,WH1,227,93
7989,WH4,221,93
7990,WH1,204,91
7991,WH2,199,71
7992,WH4,191,66
7993,WH3,178,78
7994,WH4,201,66
7995,WH1,205,75
7996,WH4,179,32
7997,WH4,215,63
7998,WH1,199,54
7999,WH3,184,48
8000,WH2,200,75
