return_id,sale_id,return_date,reason,refund_amount
1,2392,2023-07-22,Not as described,640.1
2,17477,2021-03-17,Damaged,326.2
3,16473,2021-09-25,Other,208.6
4,4671,2021-10-03,Other,493.86
5,81,2022-05-01,Other,1065.23
6,19138,2021-06-02,Other,659.23
7,5236,2023-01-31,Late delivery,681.26
8,2441,2023-02-11,Other,1380.02
9,1143,2021-04-01,Damaged,188.93
10,4844,2023-07-11,Damaged,1062.87
11,362,2021-03-24,Ordered by mistake,85.49
12,9521,2022-04-01,Damaged,108.42
13,11276,2024-01-29,Other,522.26
14,19103,2021-10-28,Damaged,1470.45
15,4286,2023-02-09,Ordered by mistake,1233.44
16,3480,2022-05-26,Late delivery,584.17
17,1466,2023-08-09,Other,1214.22
18,17552,2022-06-07,Ordered by mistake,1086.08
19,2781,2022-07-11,Late delivery,504.14
20,7252,2021-07-04,Not as described,1005.8
21,9985,2021-01-04,Not as described,1177.14
22,17621,2022-07-29,Late delivery,1354.79
23,12637,2021-01-10,Ordered by mistake,1473.87
24,2476,2023-09-18,Damaged,318.44
25,1105,2021-01-13,Other,380.87
26,14347,2022-06-13,Ordered by mistake,1001.37
27,19633,2021-12-22,Damaged,871.96
28,3962,2023-09-21,Damaged,151.63
29,7344,2022-05-14,Other,1085.75
30,2168,2023-09-02,Other,290.22
31,2243,2021-06-01,Late delivery,973.72
32,3702,2022-04-25,Other,285.42
33,14474,2023-01-12,Damaged,153.09
34,4515,2021-04-11,Damaged,1155.35
35,8133,2023-02-17,Damaged,539.62
36,14766,2022-10-13,Other,1083.29
37,2107,2022-06-20,Ordered by mistake,949.33
38,8638,2021-02-04,Other,1058.68
39,12934,2023-07-26,Not as described,1305.22
40,11537,2021-11-07,Other,1161.17
41,5531,2021-07-13,Damaged,125.33
42,17137,2022-02-02,Ordered by mistake,307.62
43,4138,2022-03-29,Damaged,755.01
44,4388,2024-01-04,Late delivery,932.11
45,11856,2022-10-15,Other,1442.12
46,11546,2023-05-23,Late delivery,1087.72
47,7138,2022-11-19,Ordered by mistake,1138.4
48,5101,2021-04-21,Late delivery,772.92
49,5893,2023-06-09,Damaged,248.55
50,14058,2022-08-04,Ordered by mistake,484.35
51,7008,2022-09-17,Late delivery,904.44
52,6884,2022-08-01,Damaged,1482.81
53,18113,2023-04-19,Ordered by mistake,859.26
54,15111,2022-10-11,Late delivery,694.35
55,1506,2023-04-14,Late delivery,422.86
56,3102,2021-06-19,Other,347.87
57,6573,2021-10-06,Damaged,953.05
58,9293,2022-04-07,Damaged,103.34
59,3943,2021-12-04,Ordered by mistake,104.95
60,19532,2023-06-07,Other,1126.33
61,16872,2023-08-23,Ordered by mistake,1016.87
62,10259,2021-06-01,Not as described,1069.96
63,1332,2023-12-08,Late delivery,1266.12
64,18787,2023-11-06,Not as described,1168.65
65,14280,2021-05-07,Damaged,656.06
66,595,2022-10-19,Damaged,593.55
67,19847,2022-03-15,Ordered by mistake,842.53
68,12091,2021-10-24,Late delivery,290.96
69,9437,2021-10-01,Other,1363.21
70,6829,2021-03-29,Other,901.66
71,2865,2023-01-15,Other,45.88
72,15136,2023-06-13,Other,910.88
73,7387,2023-09-07,Late delivery,1290.77
74,17329,2022-06-01,Ordered by mistake,1309.85
75,2743,2023-02-26,Other,913.25
76,11138,2021-05-17,Other,1146.65
77,12635,2021-02-28,Ordered by mistake,853.47
78,10839,2023-10-04,Damaged,1022.73
79,2484,2022-06-28,Other,829.82
80,4044,2021-01-06,Ordered by mistake,305.54
81,13754,2021-07-05,Not as described,1029.11
82,16978,2021-11-10,Damaged,1215.79
83,6090,2023-04-08,Damaged,1226.69
84,11926,2022-12-06,Ordered by mistake,1429.19
85,5702,2022-05-11,Damaged,983.59
86,1229,2022-12-30,Other,1216.33
87,14157,2021-08-10,Late delivery,374.87
88,14911,2021-06-09,Damaged,480.74
89,2163,2023-12-09,Late delivery,191.01
90,6580,2021-03-04,Not as described,428.65
91,9570,2022-10-21,Damaged,222.93
92,14772,2021-02-24,Other,1208.88
93,4992,2024-01-29,Damaged,1487.56
94,15379,2021-02-04,Other,1318.77
95,14317,2023-03-31,Ordered by mistake,822.75
96,9835,2022-09-21,Ordered by mistake,37.26
97,19998,2023-09-29,Damaged,753.5
98,14442,2021-11-27,Late delivery,1085.98
99,19403,2022-10-29,Ordered by mistake,1445.23
100,11326,2023-04-19,Ordered by mistake,1481.03
101,19068,2021-11-27,Damaged,152.13
102,3031,2022-05-24,Late delivery,621.19
103,17559,2023-09-23,Not as described,576.79
104,17864,2024-01-02,Not as described,831.49
105,4403,2023-03-01,Other,1361.39
106,11612,2022-04-13,Damaged,200.14
107,11046,2023-09-24,Other,948.47
108,15391,2021-07-11,Other,881.03
109,7218,2023-03-23,Other,364.96
110,15042,2022-06-05,Ordered by mistake,577.88
111,11941,2022-12-29,Damaged,1015.61
112,12098,2023-02-13,Ordered by mistake,848.17
113,6769,2022-02-21,Late delivery,629.34
114,18262,2021-10-15,Not as described,1038.13
115,1361,2023-09-05,Other,592.12
116,11931,2021-02-25,Damaged,1055.52
117,41,2023-05-15,Ordered by mistake,1031.36
118,15828,2022-05-05,Other,614.18
119,5727,2021-04-12,Ordered by mistake,118.62
120,18359,2022-07-15,Not as described,1125.1
121,16588,2021-02-11,Ordered by mistake,1191.74
122,1053,2022-08-22,Damaged,1401.89
123,14327,2022-06-11,Ordered by mistake,1365.37
124,17396,2022-12-13,Not as described,1348.63
125,5647,2022-07-29,Late delivery,465.86
126,8707,2023-06-20,Other,911.55
127,18701,2023-11-21,Not as described,1379.24
128,1272,2023-02-13,Not as described,1063.92
129,14001,2022-03-20,Ordered by mistake,720.83
130,16516,2021-11-11,Not as described,626.71
131,15731,2021-03-17,Ordered by mistake,518.93
132,13789,2023-09-17,Other,836.29
133,19560,2023-08-21,Not as described,1238.08
134,5507,2021-03-16,Late delivery,95.72
135,6003,2023-10-05,Other,228.78
136,13770,2023-12-31,Other,1278.28
137,14001,2023-06-09,Late delivery,268.44
138,19639,2023-11-10,Late delivery,1140.83
139,11911,2023-06-20,Ordered by mistake,292.72
140,12520,2021-03-12,Not as described,1418.09
141,16508,2023-01-29,Ordered by mistake,838.02
142,2299,2024-01-20,Late delivery,1202.32
143,1086,2023-10-28,Not as described,259.58
144,10577,2023-02-18,Late delivery,293.0
145,16964,2021-05-16,Other,1314.88
146,19531,2023-03-06,Not as described,1416.92
147,19318,2023-09-20,Not as described,1236.68
148,9001,2021-05-02,Damaged,925.75
149,7392,2022-03-23,Other,1265.29
150,9737,2021-10-09,Other,799.0
151,4450,2021-09-30,Late delivery,37.7
152,1593,2023-06-08,Not as described,144.95
153,6595,2023-04-21,Ordered by mistake,1454.1
154,16705,2021-02-11,Not as described,1369.54
155,138,2021-02-15,Late delivery,389.46
156,157,2022-05-25,Late delivery,751.85
157,15252,2022-12-10,Damaged,956.54
158,9051,2023-09-08,Damaged,854.82
159,17645,2022-09-25,Late delivery,871.81
160,1343,2022-07-08,Not as described,1460.62
161,7649,2021-10-11,Ordered by mistake,229.2
162,13002,2023-03-05,Ordered by mistake,173.85
163,8561,2022-02-01,Other,1375.1
164,15779,2022-08-13,Ordered by mistake,1097.71
165,4349,2023-11-04,Late delivery,90.69
166,5897,2022-03-25,Late delivery,130.99
167,16838,2023-04-22,Ordered by mistake,1394.03
168,13501,2022-01-22,Not as described,641.59
169,7191,2022-02-27,Ordered by mistake,8.33
170,19695,2023-10-25,Damaged,692.55
171,8817,2021-08-10,Not as described,1345.89
172,12130,2021-12-06,Late delivery,768.8
173,7296,2021-06-05,Other,463.16
174,9552,2023-02-11,Late delivery,1446.55
175,12318,2023-02-03,Damaged,972.58
176,12554,2021-09-30,Not as described,1368.25
177,1,2022-03-24,Damaged,284.27
178,17506,2021-06-08,Not as described,271.57
179,5129,2023-02-15,Not as described,1067.46
180,4497,2022-03-03,Ordered by mistake,60.67
181,660,2023-10-01,Ordered by mistake,1130.7
182,5254,2023-02-04,Late delivery,115.31
183,2739,2021-06-13,Ordered by mistake,608.81
184,18634,2023-03-04,Late delivery,8.98
185,13795,2022-04-16,Ordered by mistake,650.38
186,11197,2024-01-20,Not as described,191.59
187,18469,2024-01-29,Other,567.5
188,7601,2023-01-21,Late delivery,475.07
189,11465,2022-07-26,Not as described,892.57
190,11606,2023-01-21,Ordered by mistake,1116.76
191,17819,2022-09-26,Other,1334.63
192,7270,2022-07-17,Not as described,948.18
193,4560,2023-09-06,Ordered by mistake,237.47
194,15467,2021-12-06,Not as described,1148.91
195,1121,2021-12-13,Other,1220.03
196,1933,2021-12-09,Other,490.7
197,14465,2021-05-12,Late delivery,619.23
198,15998,2022-06-15,Damaged,358.07
199,14007,2022-10-09,Other,936.32
200,14272,2021-09-03,Not as described,374.87
201,7762,2022-12-20,Late delivery,535.8
202,8680,2022-07-21,Late delivery,357.64
203,17478,2022-05-25,Ordered by mistake,149.93
204,2005,2023-02-25,Not as described,802.97
205,5317,2022-03-11,Other,586.11
206,11624,2022-08-15,Other,1448.79
207,15571,2023-06-26,Other,1002.78
208,7283,2022-10-19,Not as described,1455.28
209,11599,2023-04-26,Other,577.18
210,10688,2022-07-28,Damaged,271.46
211,18974,2021-10-08,Ordered by mistake,1271.11
212,14786,2021-01-19,Ordered by mistake,676.31
213,16591,2021-10-26,Damaged,1216.27
214,7291,2021-11-13,Ordered by mistake,1086.72
215,8467,2021-02-23,Other,266.99
216,14645,2022-01-08,Not as described,701.8
217,4436,2022-01-06,Not as described,1000.71
218,13022,2021-02-06,Not as described,391.97
219,11134,2022-11-17,Other,575.36
220,16132,2022-04-29,Late delivery,222.98
221,13449,2022-11-08,Late delivery,654.55
222,8843,2021-12-28,Ordered by mistake,224.79
223,16979,2021-10-04,Other,1224.9
224,9299,2021-03-22,Late delivery,701.07
225,9084,2023-03-17,Late delivery,436.11
226,19100,2021-09-17,Damaged,1192.64
227,5299,2022-01-22,Late delivery,111.65
228,10399,2021-11-26,Damaged,1098.25
229,4772,2022-05-17,Damaged,280.92
230,13549,2022-01-06,Late delivery,148.44
231,13142,2023-05-15,Damaged,504.44
232,14273,2023-12-18,Other,407.2
233,8385,2022-06-23,Not as described,1111.83
234,13637,2021-12-18,Other,175.05
235,13300,2022-05-29,Other,430.25
236,1926,2023-05-08,Late delivery,573.71
237,9202,2022-03-28,Ordered by mistake,1036.46
238,1084,2023-10-15,Late delivery,212.43
239,17861,2021-02-01,Not as described,914.6
240,16143,2022-04-29,Other,672.85
241,16208,2023-01-10,Late delivery,686.21
242,2599,2022-05-27,Other,696.81
243,17798,2023-03-17,Not as described,416.58
244,7464,2022-02-12,Other,1433.61
245,11536,2021-10-27,Not as described,826.23
246,11895,2021-08-04,Ordered by mistake,159.24
247,6638,2023-09-04,Other,354.63
248,2976,2021-09-14,Late delivery,646.01
249,8921,2022-03-05,Other,908.96
250,11695,2021-07-11,Late delivery,1013.71
251,15716,2021-11-16,Damaged,42.03
252,10950,2022-07-18,Not as described,1315.98
253,17185,2022-06-18,Not as described,304.14
254,6132,2021-08-20,Other,629.96
255,10258,2021-06-27,Other,1068.21
256,18103,2023-06-03,Other,390.92
257,17020,2024-01-03,Late delivery,249.12
258,5729,2023-11-26,Not as described,112.48
259,16361,2021-11-15,Late delivery,304.94
260,5154,2023-06-01,Damaged,1160.57
261,11741,2023-06-04,Late delivery,781.29
262,4749,2022-07-08,Damaged,54.67
263,2555,2021-08-22,Other,708.49
264,1014,2021-08-25,Other,909.85
265,17403,2023-04-01,Other,80.54
266,9759,2022-07-11,Not as described,1355.5
267,14351,2021-01-10,Not as described,182.24
268,1049,2021-05-03,Not as described,75.21
269,11816,2021-06-27,Other,292.56
270,1042,2022-03-27,Ordered by mistake,443.66
271,1784,2022-12-26,Damaged,1190.08
272,6722,2022-10-06,Damaged,1285.64
273,19318,2023-11-04,Late delivery,1229.49
274,11450,2023-02-25,Not as described,225.07
275,14637,2022-12-29,Damaged,1024.39
276,11113,2022-05-07,Not as described,196.71
277,9813,2023-07-31,Not as described,194.35
278,6042,2021-10-16,Ordered by mistake,884.77
279,1145,2023-06-28,Damaged,971.8
280,14905,2022-12-05,Other,1235.26
281,10492,2021-12-22,Ordered by mistake,1293.13
282,19781,2024-01-28,Other,1292.06
283,15630,2023-11-30,Not as described,803.28
284,9994,2022-05-26,Late delivery,862.34
285,4649,2022-07-24,Damaged,977.15
286,18178,2023-07-24,Damaged,352.36
287,11584,2021-06-29,Other,1314.59
288,9771,2022-08-31,Damaged,536.34
289,5212,2023-05-20,Damaged,806.05
290,14534,2021-02-18,Other,809.92
291,14140,2022-03-14,Other,376.48
292,11597,2022-04-14,Not as described,201.4
293,15016,2021-07-22,Ordered by mistake,268.18
294,4365,2022-10-02,Damaged,1483.87
295,6689,2023-12-21,Damaged,349.58
296,8691,2022-01-30,Other,275.22
297,4752,2021-01-16,Late delivery,1054.29
298,18473,2023-10-19,Late delivery,837.44
299,5238,2022-11-06,Other,323.65
300,5100,2023-05-17,Ordered by mistake,1092.44
301,3440,2021-01-04,Not as described,156.93
302,2381,2022-04-16,Other,233.73
303,2793,2023-03-03,Not as described,599.37
304,12183,2021-11-20,Damaged,237.79
305,5266,2022-06-15,Late delivery,351.64
306,8807,2024-01-23,Late delivery,1464.57
307,11347,2023-08-01,Other,488.81
308,16572,2021-02-07,Damaged,688.78
309,7176,2022-02-27,Late delivery,1368.88
310,1484,2022-04-10,Other,1199.08
311,19266,2022-01-26,Late delivery,1080.52
312,11689,2021-06-20,Not as described,846.24
313,16424,2022-03-23,Damaged,234.69
314,18861,2023-12-11,Other,527.43
315,9698,2021-05-07,Other,1338.79
316,7949,2023-05-11,Not as described,1369.44
317,2094,2021-03-06,Damaged,1206.43
318,7387,2022-02-15,Other,277.49
319,14948,2022-07-24,Not as described,769.74
320,4220,2023-12-24,Ordered by mistake,235.96
321,2301,2023-03-31,Damaged,827.84
322,2707,2023-04-08,Ordered by mistake,394.06
323,14581,2022-01-22,Other,138.54
324,19024,2021-01-07,Other,243.77
325,14868,2022-06-24,Other,1391.96
326,10902,2021-07-28,Late delivery,793.11
327,9023,2023-03-01,Late delivery,1383.18
328,17301,2021-07-21,Ordered by mistake,1145.83
329,11136,2022-08-07,Damaged,1166.21
330,5700,2023-09-02,Not as described,1147.48
331,4140,2023-04-13,Late delivery,606.01
332,4333,2023-12-09,Not as described,300.66
333,9502,2022-04-07,Not as described,252.93
334,16923,2021-08-28,Ordered by mistake,1474.07
335,17342,2021-05-04,Late delivery,366.2
336,10018,2021-05-27,Late delivery,556.14
337,17882,2022-08-25,Ordered by mistake,700.32
338,5225,2022-01-18,Other,385.39
339,12590,2021-04-17,Damaged,1139.53
340,11197,2021-03-18,Late delivery,542.2
341,12120,2021-05-15,Late delivery,598.74
342,19103,2023-04-05,Damaged,953.97
343,4933,2021-02-23,Other,331.67
344,2467,2022-01-07,Late delivery,1142.06
345,10236,2021-11-21,Ordered by mistake,334.36
346,17384,2023-06-17,Late delivery,1348.8
347,16152,2021-09-10,Other,1207.28
348,11328,2023-11-23,Other,1335.32
349,6247,2023-01-16,Late delivery,587.75
350,9772,2022-04-24,Ordered by mistake,441.19
351,5575,2021-07-17,Ordered by mistake,1259.09
352,6963,2023-10-14,Damaged,588.12
353,7771,2022-09-03,Late delivery,1344.93
354,7275,2021-09-28,Late delivery,838.31
355,3207,2022-07-12,Damaged,362.77
356,13359,2023-05-28,Not as described,1414.75
357,9897,2021-08-02,Not as described,213.79
358,9927,2022-03-17,Not as described,300.83
359,1684,2021-07-18,Late delivery,130.11
360,10415,2022-01-03,Other,385.81
361,7888,2021-12-18,Other,1453.87
362,13815,2022-08-10,Ordered by mistake,1372.34
363,19431,2021-12-08,Damaged,1228.49
364,10226,2021-08-05,Other,491.26
365,12543,2022-10-02,Ordered by mistake,47.68
366,3034,2022-10-02,Late delivery,525.65
367,1732,2021-03-13,Other,650.89
368,14434,2023-04-24,Late delivery,522.49
369,298,2022-09-13,Other,1304.36
370,13063,2023-03-28,Other,1395.35
371,16879,2021-04-04,Not as described,1237.94
372,10774,2021-07-23,Damaged,425.7
373,1524,2021-09-18,Other,519.74
374,240,2021-07-20,Other,1391.75
375,16433,2022-09-03,Other,743.56
376,9258,2023-09-21,Damaged,1319.52
377,6412,2023-12-30,Late delivery,98.08
378,18986,2022-10-27,Not as described,1412.9
379,18379,2022-03-20,Late delivery,811.77
380,16762,2022-09-21,Not as described,1314.18
381,8898,2021-09-01,Not as described,105.89
382,15516,2024-01-08,Other,628.47
383,15649,2023-11-17,Late delivery,354.31
384,4497,2021-09-06,Other,153.6
385,17787,2022-09-02,Damaged,40.16
386,2689,2023-10-21,Not as described,455.7
387,256,2023-03-22,Ordered by mistake,569.02
388,10109,2023-02-27,Late delivery,722.93
389,6259,2022-11-11,Other,150.04
390,10116,2021-11-19,Damaged,358.87
391,7285,2023-01-25,Not as described,391.11
392,6805,2021-02-10,Not as described,1038.35
393,10722,2023-08-31,Other,803.56
394,6029,2022-09-16,Other,1034.22
395,8705,2022-08-06,Damaged,285.47
396,7346,2024-01-27,Late delivery,919.69
397,621,2023-09-08,Ordered by mistake,703.91
398,16917,2023-01-16,Not as described,301.68
399,4418,2022-02-26,Not as described,938.36
400,3552,2023-02-22,Ordered by mistake,969.52
401,11714,2022-02-24,Late delivery,1049.14
402,19037,2021-11-27,Late delivery,1140.23
403,2112,2022-05-04,Other,47.73
404,17414,2021-08-08,Late delivery,1071.8
405,11446,2023-09-24,Ordered by mistake,1340.18
406,10511,2022-04-25,Other,380.55
407,4085,2021-12-14,Late delivery,1172.85
408,2804,2021-07-31,Damaged,307.79
409,18183,2023-11-08,Other,369.07
410,8507,2021-08-08,Late delivery,485.08
411,15210,2021-04-22,Damaged,1322.3
412,6898,2022-12-22,Ordered by mistake,948.38
413,4917,2023-02-27,Damaged,406.35
414,15673,2022-02-10,Not as described,151.28
415,14847,2022-06-07,Ordered by mistake,1070.57
416,2434,2021-01-13,Damaged,1072.07
417,3302,2022-12-26,Damaged,804.87
418,3630,2023-05-03,Other,1384.97
419,8840,2021-12-11,Ordered by mistake,1255.33
420,5966,2022-03-01,Other,526.68
421,17172,2023-10-28,Damaged,1270.79
422,15916,2022-02-23,Ordered by mistake,747.95
423,18483,2022-06-29,Damaged,436.76
424,9594,2023-07-31,Ordered by mistake,413.44
425,11336,2021-12-22,Late delivery,773.36
426,17503,2022-02-03,Damaged,622.19
427,14214,2022-06-23,Late delivery,1497.82
428,19919,2023-07-25,Not as described,416.41
429,13977,2021-03-14,Other,425.56
430,3278,2022-10-19,Not as described,1097.26
431,8283,2023-03-23,Damaged,547.47
432,9239,2023-04-02,Damaged,804.0
433,13336,2023-09-08,Damaged,558.13
434,13274,2022-07-17,Not as described,1071.98
435,13012,2022-08-27,Other,834.01
436,6841,2021-01-03,Ordered by mistake,708.02
437,3569,2021-06-19,Late delivery,974.92
438,15795,2021-01-17,Damaged,1355.14
439,11826,2021-08-29,Ordered by mistake,717.9
440,13329,2021-02-07,Not as described,164.88
441,13687,2022-12-15,Not as described,705.31
442,19823,2022-01-17,Ordered by mistake,687.76
443,11107,2023-01-03,Damaged,977.76
444,7254,2023-11-03,Not as described,1168.15
445,10378,2022-01-29,Not as described,708.24
446,11333,2023-12-10,Other,864.87
447,14191,2023-08-17,Ordered by mistake,126.35
448,7971,2022-08-28,Late delivery,1240.81
449,7005,2021-03-10,Ordered by mistake,951.05
450,13798,2021-12-13,Not as described,362.95
451,2604,2023-07-27,Not as described,830.32
452,9025,2023-05-03,Late delivery,269.25
453,15162,2021-01-03,Damaged,884.16
454,13313,2022-04-01,Ordered by mistake,1472.41
455,1926,2023-02-22,Damaged,1203.05
456,16053,2021-01-19,Not as described,109.44
457,11040,2022-10-26,Damaged,689.28
458,4408,2022-10-27,Ordered by mistake,1279.37
459,2549,2022-09-19,Late delivery,537.41
460,13661,2023-10-31,Damaged,174.78
461,12592,2023-06-06,Not as described,1299.47
462,13698,2022-11-14,Other,79.52
463,13180,2024-01-15,Other,103.91
464,14781,2023-11-16,Ordered by mistake,170.35
465,6902,2022-07-09,Ordered by mistake,130.58
466,18999,2021-11-21,Ordered by mistake,943.34
467,3800,2022-04-16,Ordered by mistake,631.85
468,13709,2021-09-18,Other,1221.42
469,16775,2022-12-31,Ordered by mistake,1106.39
470,4795,2021-05-05,Not as described,468.79
471,19994,2021-08-01,Damaged,448.4
472,11383,2024-01-08,Damaged,22.5
473,10027,2023-01-16,Damaged,1158.8
474,14540,2021-04-24,Ordered by mistake,1377.73
475,8651,2022-06-18,Other,487.77
476,18563,2021-06-27,Other,543.48
477,3835,2021-02-22,Ordered by mistake,471.16
478,19219,2022-05-26,Damaged,1033.32
479,19354,2022-06-28,Not as described,1007.92
480,1483,2023-09-23,Late delivery,998.16
481,10150,2021-11-11,Ordered by mistake,87.59
482,14935,2022-09-20,Not as described,657.63
483,2382,2023-07-13,Ordered by mistake,411.18
484,2825,2023-02-28,Late delivery,156.27
485,5806,2023-11-20,Late delivery,168.34
486,9940,2022-02-23,Ordered by mistake,685.25
487,989,2023-02-05,Other,426.51
488,16753,2022-06-14,Late delivery,1030.7
489,12597,2021-06-13,Not as described,1085.92
490,9014,2022-06-26,Damaged,404.15
491,9217,2023-05-16,Other,281.4
492,14056,2021-09-15,Not as described,445.51
493,9201,2022-04-25,Damaged,1069.21
494,5553,2023-01-22,Ordered by mistake,543.89
495,14234,2022-06-15,Other,475.95
496,3660,2022-09-30,Late delivery,555.41
497,12455,2021-03-10,Ordered by mistake,1134.99
498,3407,2023-01-14,Other,1002.53
499,4683,2022-01-13,Late delivery,1423.81
500,656,2022-10-22,Late delivery,803.98
501,18779,2022-09-28,Ordered by mistake,1035.57
502,9498,2022-05-24,Other,627.05
503,11672,2022-11-10,Other,1420.73
504,19775,2021-04-23,Other,341.95
505,15978,2022-05-06,Ordered by mistake,1407.16
506,2350,2021-12-01,Damaged,575.96
507,17349,2021-06-16,Late delivery,339.63
508,2447,2022-01-18,Late delivery,985.58
509,9931,2022-08-29,Other,449.95
510,11180,2023-09-03,Late delivery,224.55
511,233,2022-07-16,Damaged,750.91
512,6213,2021-07-16,Ordered by mistake,1005.25
513,8934,2022-04-27,Other,480.52
514,15369,2023-06-27,Damaged,1084.37
515,1835,2022-06-14,Damaged,1230.07
516,18934,2023-02-07,Late delivery,286.04
517,16578,2021-09-07,Other,1442.79
518,11728,2022-03-26,Damaged,556.65
519,900,2024-01-09,Late delivery,487.45
520,12398,2021-03-16,Damaged,1055.57
521,2033,2023-04-26,Ordered by mistake,1387.18
522,4839,2022-01-09,Late delivery,485.79
523,14816,2022-07-14,Damaged,952.21
524,16774,2022-10-06,Not as described,1493.13
525,19390,2022-01-07,Damaged,237.17
526,15354,2021-06-12,Damaged,498.15
527,15282,2023-03-05,Not as described,541.93
528,2635,2022-04-27,Damaged,334.05
529,18934,2022-06-01,Not as described,1453.59
530,8897,2023-09-14,Late delivery,1092.24
531,660,2022-07-31,Damaged,607.07
532,15822,2022-01-06,Late delivery,121.15
533,2392,2022-10-01,Late delivery,310.96
534,13483,2021-06-17,Late delivery,1490.95
535,5713,2022-09-03,Other,174.64
536,4417,2023-05-31,Not as described,340.29
537,7457,2022-01-31,Other,869.24
538,18421,2021-06-05,Late delivery,602.7
539,10302,2021-09-12,Not as described,378.84
540,17345,2021-11-17,Damaged,1134.23
541,16659,2021-05-06,Late delivery,423.58
542,3698,2022-03-31,Damaged,1072.72
543,16783,2023-09-06,Ordered by mistake,1370.56
544,16634,2022-02-16,Ordered by mistake,850.53
545,10043,2022-11-14,Late delivery,172.19
546,15827,2022-12-30,Late delivery,1338.11
547,18791,2022-07-23,Late delivery,1020.24
548,8525,2023-08-09,Ordered by mistake,775.93
549,19090,2021-06-03,Ordered by mistake,850.96
550,2023,2021-03-18,Damaged,952.04
551,6931,2023-10-26,Damaged,445.27
552,2455,2023-05-16,Not as described,938.63
553,5353,2022-01-10,Other,37.81
554,4563,2023-02-27,Ordered by mistake,1010.05
555,6827,2022-09-13,Late delivery,948.29
556,2421,2022-08-24,Other,533.47
557,17759,2023-12-20,Other,1278.55
558,18312,2023-07-25,Damaged,1120.11
559,10536,2022-08-13,Other,637.25
560,17552,2022-02-16,Ordered by mistake,1130.48
561,14855,2024-01-10,Late delivery,21.66
562,5343,2021-10-09,Other,763.64
563,8935,2021-04-04,Not as described,588.03
564,3622,2021-08-10,Not as described,1441.09
565,2987,2021-08-07,Not as described,180.1
566,9035,2021-05-06,Other,862.64
567,12235,2021-06-25,Late delivery,474.11
568,13656,2023-10-15,Not as described,1008.49
569,6178,2022-08-04,Damaged,865.3
570,19531,2021-08-18,Late delivery,1388.65
571,4479,2022-12-02,Other,176.73
572,10309,2023-09-18,Other,202.41
573,14613,2022-10-07,Late delivery,1114.39
574,13502,2023-11-06,Ordered by mistake,564.09
575,8013,2022-12-12,Late delivery,1119.86
576,10773,2023-12-16,Damaged,819.44
577,10345,2022-07-15,Ordered by mistake,759.31
578,10071,2023-04-29,Late delivery,372.85
579,15594,2023-03-08,Not as described,35.27
580,6315,2023-04-16,Damaged,1215.56
581,17044,2021-03-27,Other,455.58
582,9378,2021-04-15,Damaged,57.49
583,933,2021-01-16,Damaged,403.87
584,4025,2021-08-08,Damaged,352.3
585,3978,2023-11-08,Not as described,508.59
586,16184,2024-01-21,Other,311.72
587,5007,2022-01-17,Not as described,1327.39
588,689,2021-02-06,Damaged,419.45
589,2882,2023-06-17,Late delivery,290.28
590,11192,2023-07-18,Ordered by mistake,745.29
591,11396,2023-06-05,Damaged,1197.63
592,8701,2023-10-16,Damaged,1095.72
593,10261,2021-03-21,Other,1477.88
594,15626,2023-09-24,Ordered by mistake,52.01
595,6823,2023-12-04,Late delivery,1476.18
596,6699,2021-04-18,Not as described,1390.8
597,11875,2022-06-11,Ordered by mistake,230.66
598,10677,2022-01-26,Other,1210.22
599,5771,2023-04-07,Not as described,1158.74
600,11933,2023-04-02,Other,1411.06
601,15381,2021-10-06,Other,9.67
602,1545,2022-01-02,Late delivery,602.52
603,6563,2021-07-12,Other,1143.05
604,15539,2022-10-26,Late delivery,435.24
605,15991,2021-11-21,Ordered by mistake,979.78
606,9754,2021-02-21,Late delivery,1384.25
607,18886,2021-06-27,Other,39.11
608,8023,2023-09-02,Late delivery,134.91
609,5074,2023-12-26,Other,64.35
610,7138,2022-01-06,Not as described,1106.23
611,2334,2022-03-02,Other,1341.97
612,3779,2023-06-21,Ordered by mistake,1333.55
613,186,2022-05-25,Damaged,145.46
614,4708,2023-11-25,Other,263.43
615,19655,2022-04-03,Other,321.83
616,12783,2023-09-21,Late delivery,935.47
617,12742,2022-12-13,Ordered by mistake,1159.73
618,11713,2022-04-01,Other,917.14
619,4297,2021-03-01,Not as described,624.62
620,13873,2021-06-26,Not as described,1060.65
621,18879,2023-08-14,Damaged,946.37
622,15273,2022-03-25,Late delivery,1101.96
623,12390,2022-05-30,Ordered by mistake,778.5
624,19158,2023-07-01,Late delivery,872.65
625,12770,2023-07-16,Late delivery,1055.98
626,947,2023-11-14,Late delivery,1000.18
627,9290,2023-01-31,Damaged,1096.69
628,1850,2021-03-24,Ordered by mistake,234.09
629,1270,2023-04-08,Ordered by mistake,716.25
630,1832,2021-08-18,Late delivery,967.87
631,17046,2022-04-30,Not as described,696.21
632,3778,2022-03-06,Not as described,693.69
633,7265,2021-01-14,Damaged,1187.8
634,10518,2021-04-14,Late delivery,1108.21
635,18098,2023-06-07,Late delivery,1327.61
636,19270,2021-05-22,Other,9.7
637,19149,2022-01-24,Ordered by mistake,1280.77
638,4755,2022-12-15,Not as described,1347.94
639,4639,2024-01-26,Late delivery,997.22
640,12151,2023-02-01,Not as described,178.77
641,845,2023-01-14,Damaged,1197.02
642,11597,2021-10-23,Damaged,793.83
643,2931,2021-08-30,Ordered by mistake,1295.58
644,12369,2022-06-14,Ordered by mistake,570.07
645,15004,2024-01-06,Not as described,467.63
646,8255,2021-03-17,Late delivery,478.07
647,6005,2021-08-12,Late delivery,21.53
648,3717,2022-11-17,Not as described,1475.3
649,17723,2021-01-24,Ordered by mistake,777.2
650,2663,2022-01-22,Damaged,1100.12
651,9092,2023-10-27,Late delivery,747.58
652,17083,2022-12-16,Not as described,523.69
653,19362,2023-02-04,Ordered by mistake,1397.52
654,9584,2023-12-26,Other,482.45
655,19639,2022-01-17,Other,534.22
656,206,2023-12-27,Late delivery,179.01
657,12419,2022-02-28,Ordered by mistake,984.56
658,12523,2022-05-03,Other,704.1
659,8210,2023-09-16,Other,1441.59
660,648,2022-07-29,Damaged,130.3
661,10560,2023-08-02,Not as described,828.8
662,7406,2023-05-09,Not as described,993.8
663,14831,2023-08-29,Late delivery,538.66
664,14805,2023-02-21,Late delivery,380.12
665,18486,2023-01-04,Not as described,176.49
666,2481,2021-03-09,Late delivery,949.63
667,19630,2022-12-04,Ordered by mistake,1172.7
668,9257,2021-05-15,Late delivery,967.54
669,19529,2021-02-14,Ordered by mistake,804.51
670,11629,2022-04-27,Late delivery,442.61
671,1350,2024-01-11,Damaged,274.33
672,3197,2023-02-15,Ordered by mistake,483.35
673,1339,2022-11-25,Ordered by mistake,1475.29
674,453,2024-01-24,Other,1463.33
675,948,2021-05-06,Ordered by mistake,1128.01
676,4054,2021-08-24,Other,168.53
677,3913,2021-10-29,Not as described,1142.63
678,839,2024-01-08,Ordered by mistake,1128.54
679,3099,2023-01-11,Other,916.1
680,16786,2023-08-16,Damaged,52.8
681,19977,2022-02-07,Other,477.83
682,6742,2022-04-30,Damaged,1332.02
683,11392,2022-08-04,Late delivery,196.35
684,3514,2021-05-24,Late delivery,416.54
685,4902,2021-03-16,Not as described,565.2
686,5580,2021-08-01,Not as described,982.19
687,11102,2021-02-27,Ordered by mistake,1485.77
688,1508,2023-08-07,Ordered by mistake,1400.66
689,19013,2021-04-01,Other,1337.27
690,16894,2022-07-23,Ordered by mistake,1236.53
691,3575,2022-01-17,Late delivery,1302.46
692,6143,2022-07-26,Ordered by mistake,204.98
693,1393,2023-11-11,Ordered by mistake,458.84
694,4420,2022-01-01,Not as described,66.91
695,5725,2022-09-24,Ordered by mistake,358.13
696,16607,2023-06-14,Not as described,908.39
697,7032,2023-05-23,Other,1188.37
698,11099,2022-02-10,Ordered by mistake,264.37
699,19871,2021-10-01,Late delivery,512.16
700,11047,2023-01-20,Not as described,292.41
701,7004,2022-03-05,Damaged,1492.87
702,17417,2022-07-26,Other,1416.21
703,1647,2021-08-05,Not as described,163.03
704,9295,2022-03-13,Not as described,596.24
705,9716,2023-10-11,Not as described,318.11
706,13707,2021-05-04,Late delivery,814.29
707,4509,2022-03-06,Ordered by mistake,1210.28
708,6542,2021-04-22,Not as described,1049.08
709,10235,2023-06-19,Late delivery,225.18
710,1009,2021-03-27,Late delivery,143.49
711,10098,2023-11-04,Damaged,1027.28
712,3679,2022-01-30,Damaged,1281.51
713,10133,2023-03-12,Not as described,528.6
714,17445,2022-05-29,Late delivery,1201.15
715,16163,2023-06-02,Not as described,507.84
716,2523,2021-06-26,Not as described,1394.25
717,7266,2023-03-13,Late delivery,186.4
718,4663,2022-02-27,Late delivery,713.8
719,259,2023-06-18,Other,324.41
720,10043,2022-09-15,Late delivery,1426.69
721,10563,2022-02-23,Late delivery,164.73
722,1130,2022-07-23,Ordered by mistake,1085.38
723,12692,2022-10-14,Damaged,469.2
724,19471,2021-07-07,Late delivery,527.15
725,19087,2022-01-02,Late delivery,983.82
726,18102,2023-03-05,Other,1354.27
727,10078,2021-06-29,Other,972.54
728,796,2022-05-08,Late delivery,761.52
729,14328,2021-08-12,Not as described,694.18
730,2150,2023-03-04,Ordered by mistake,42.14
731,5493,2022-09-08,Damaged,975.36
732,9383,2023-07-29,Ordered by mistake,522.2
733,12611,2022-01-11,Damaged,24.56
734,19517,2021-05-03,Damaged,1072.24
735,16567,2021-02-26,Late delivery,1425.77
736,7485,2022-07-02,Not as described,594.69
737,141,2021-10-22,Damaged,1443.37
738,15978,2021-09-05,Other,110.62
739,11094,2023-12-29,Late delivery,1455.22
740,1074,2021-07-13,Not as described,202.6
741,4758,2023-08-10,Other,1175.42
742,15348,2021-03-12,Not as described,1021.64
743,1516,2023-07-30,Not as described,1110.12
744,12687,2021-10-14,Not as described,1222.42
745,1936,2021-12-11,Other,184.02
746,3786,2023-05-07,Damaged,1454.73
747,3872,2022-04-26,Other,1386.9
748,1353,2024-01-11,Other,522.77
749,3318,2023-12-23,Other,1436.19
750,596,2022-04-20,Other,1201.94
751,1831,2021-04-27,Ordered by mistake,764.59
752,10631,2021-01-06,Not as described,220.3
753,19423,2022-02-04,Not as described,314.74
754,11484,2022-04-03,Other,1225.75
755,11779,2023-04-04,Other,309.48
756,15934,2021-02-03,Other,139.0
757,11330,2021-05-31,Late delivery,1465.7
758,15975,2021-07-28,Other,227.88
759,4549,2023-06-21,Other,730.33
760,16633,2023-11-18,Late delivery,5.44
761,9029,2023-08-30,Other,625.91
762,341,2022-04-09,Other,852.62
763,3782,2023-11-19,Damaged,360.16
764,2047,2021-08-16,Other,1248.77
765,10516,2023-10-14,Damaged,997.35
766,17655,2022-10-14,Damaged,153.54
767,7899,2021-10-25,Late delivery,348.8
768,5543,2021-09-22,Not as described,1075.76
769,1947,2022-09-05,Other,226.98
770,15965,2022-12-16,Ordered by mistake,846.2
771,13266,2021-03-14,Other,841.28
772,8328,2021-03-06,Not as described,1060.54
773,661,2023-08-21,Ordered by mistake,993.83
774,18128,2023-02-04,Damaged,947.6
775,9184,2022-11-16,Late delivery,187.28
776,3864,2023-06-06,Not as described,393.42
777,8831,2022-02-10,Damaged,809.6
778,15890,2021-06-24,Damaged,318.86
779,8623,2024-01-06,Late delivery,1128.21
780,19734,2023-06-30,Other,251.46
781,8627,2022-01-04,Damaged,626.8
782,5588,2023-12-20,Damaged,1415.43
783,4189,2022-03-31,Late delivery,1416.63
784,12749,2023-11-29,Other,1441.47
785,12220,2023-02-07,Not as described,1467.04
786,6753,2022-09-14,Other,813.62
787,5495,2022-01-18,Not as described,87.93
788,13222,2022-03-04,Ordered by mistake,1398.86
789,1065,2022-12-17,Damaged,115.35
790,182,2022-06-20,Ordered by mistake,647.11
791,7127,2021-06-26,Ordered by mistake,1020.58
792,17125,2021-08-24,Damaged,195.06
793,6999,2022-03-20,Other,1276.52
794,1415,2023-07-17,Other,77.82
795,19479,2022-03-22,Other,153.86
796,4298,2024-01-03,Other,1299.29
797,12576,2023-11-05,Ordered by mistake,211.74
798,5700,2021-02-22,Other,542.13
799,9407,2023-04-05,Damaged,187.53
800,959,2023-03-08,Other,169.43
801,3030,2022-05-25,Other,708.14
802,671,2023-12-06,Ordered by mistake,453.59
803,2711,2022-08-31,Late delivery,738.5
804,16398,2023-06-25,Ordered by mistake,791.22
805,5842,2024-01-25,Ordered by mistake,1122.24
806,14052,2021-06-03,Late delivery,1046.5
807,10726,2021-12-09,Other,633.8
808,1541,2022-04-12,Not as described,232.9
809,17356,2022-01-11,Not as described,1140.9
810,10209,2021-03-03,Late delivery,800.88
811,10212,2022-11-30,Damaged,795.1
812,1937,2023-04-13,Late delivery,274.56
813,8828,2023-11-13,Damaged,1284.03
814,33,2022-12-24,Late delivery,252.37
815,14382,2021-01-23,Damaged,894.62
816,7997,2022-11-22,Ordered by mistake,670.27
817,2410,2021-02-02,Other,1484.18
818,12885,2022-12-22,Damaged,675.34
819,11805,2023-01-06,Damaged,481.62
820,11690,2023-08-22,Damaged,474.85
821,4808,2021-12-28,Other,1327.36
822,19553,2023-05-24,Other,999.27
823,453,2022-03-16,Late delivery,1125.9
824,9698,2022-01-23,Late delivery,1352.55
825,15604,2021-10-28,Other,322.04
826,11949,2023-11-02,Not as described,940.68
827,11495,2022-09-27,Not as described,1182.42
828,1343,2023-02-11,Damaged,1198.75
829,18723,2022-11-11,Ordered by mistake,529.65
830,16925,2021-02-11,Late delivery,560.08
831,2845,2024-01-31,Late delivery,286.2
832,14053,2023-10-02,Damaged,1083.35
833,10014,2022-01-23,Late delivery,1051.22
834,1713,2023-12-05,Ordered by mistake,1062.42
835,15011,2021-09-30,Late delivery,665.95
836,4562,2021-12-05,Late delivery,1414.58
837,169,2022-06-08,Not as described,1328.2
838,11768,2022-10-23,Damaged,717.84
839,19693,2022-02-07,Other,92.34
840,10734,2021-06-09,Other,1263.11
841,18313,2021-09-29,Damaged,1147.39
842,5144,2023-02-14,Other,1014.19
843,13955,2022-07-23,Not as described,1063.14
844,861,2021-08-30,Not as described,1006.17
845,7830,2022-03-24,Ordered by mistake,1046.5
846,2301,2022-03-29,Late delivery,1436.0
847,17016,2022-07-08,Ordered by mistake,547.54
848,8790,2022-10-16,Not as described,509.15
849,1647,2023-03-29,Ordered by mistake,1494.8
850,16132,2021-05-02,Ordered by mistake,1092.93
851,15042,2023-05-19,Other,116.28
852,6521,2023-01-25,Late delivery,1193.84
853,16019,2022-06-15,Damaged,1025.65
854,5042,2022-07-30,Not as described,1201.29
855,8091,2022-07-27,Other,540.82
856,15663,2022-04-11,Late delivery,886.31
857,3733,2021-02-11,Late delivery,1205.76
858,17842,2022-07-09,Damaged,1012.45
859,10983,2022-11-13,Damaged,1030.74
860,186,2023-03-18,Other,1257.1
861,3681,2022-11-12,Damaged,357.25
862,1716,2022-12-28,Damaged,973.61
863,4093,2022-06-21,Not as described,1134.91
864,1709,2023-08-07,Not as described,675.85
865,18564,2023-12-16,Damaged,275.58
866,18996,2021-09-05,Late delivery,530.84
867,10221,2022-06-11,Other,1249.07
868,15650,2022-07-07,Ordered by mistake,615.05
869,8887,2023-08-29,Not as described,1462.93
870,7388,2023-11-13,Ordered by mistake,283.42
871,3808,2023-12-14,Not as described,632.89
872,11786,2023-04-01,Not as described,137.34
873,3305,2021-12-28,Ordered by mistake,487.92
874,7777,2021-12-16,Late delivery,1326.7
875,18422,2023-07-04,Other,260.2
876,8743,2021-02-05,Late delivery,989.49
877,14830,2022-08-07,Not as described,922.42
878,2460,2023-09-04,Other,384.77
879,2483,2022-07-03,Ordered by mistake,646.48
880,1941,2023-02-01,Ordered by mistake,22.95
881,9126,2022-12-29,Ordered by mistake,560.35
882,7899,2021-10-20,Not as described,611.42
883,15948,2021-08-02,Damaged,164.16
884,14853,2021-01-06,Late delivery,1316.55
885,9239,2022-10-24,Ordered by mistake,341.76
886,3271,2021-12-04,Late delivery,1171.74
887,6274,2022-04-06,Damaged,671.99
888,3655,2023-02-09,Ordered by mistake,1265.16
889,16023,2022-01-01,Damaged,830.14
890,13192,2023-06-13,Not as described,1476.69
891,696,2021-04-21,Other,1000.74
892,3577,2021-05-30,Other,589.4
893,7817,2021-01-08,Ordered by mistake,347.35
894,19642,2021-02-12,Damaged,1001.52
895,8012,2022-09-28,Other,85.46
896,15244,2021-08-24,Ordered by mistake,304.28
897,87,2021-08-09,Ordered by mistake,1043.4
898,8536,2021-10-10,Other,277.45
899,14915,2021-02-26,Other,423.76
900,14510,2021-05-30,Damaged,494.29
901,4075,2022-05-09,Damaged,879.65
902,11874,2021-09-03,Not as described,497.42
903,17683,2023-08-28,Ordered by mistake,502.6
904,16124,2021-03-12,Damaged,127.12
905,13217,2021-09-04,Damaged,466.31
906,17950,2023-09-09,Other,1037.56
907,16689,2021-04-21,Late delivery,483.13
908,10455,2021-04-21,Other,898.91
909,19158,2022-11-09,Ordered by mistake,197.14
910,2520,2024-01-14,Other,1329.57
911,18149,2022-03-16,Other,265.19
912,2975,2021-02-28,Late delivery,1121.31
913,1150,2023-04-20,Not as described,1152.9
914,16328,2023-08-25,Other,463.58
915,9226,2023-02-24,Not as described,467.13
916,19465,2023-11-15,Late delivery,160.04
917,5067,2022-04-22,Late delivery,1340.67
918,1216,2022-08-04,Other,644.92
919,17930,2022-07-02,Late delivery,821.75
920,3499,2022-05-28,Late delivery,581.68
921,4179,2021-07-31,Other,1396.19
922,10642,2023-12-04,Ordered by mistake,517.98
923,8981,2021-03-18,Not as described,1289.27
924,19697,2022-02-12,Late delivery,162.74
925,17442,2022-06-20,Late delivery,679.13
926,3999,2021-10-17,Not as described,1123.28
927,10294,2022-02-19,Late delivery,427.35
928,18525,2023-02-17,Late delivery,1483.18
929,1394,2023-11-27,Not as described,402.67
930,2295,2023-02-16,Damaged,11.5
931,18037,2022-03-15,Damaged,1274.21
932,10563,2021-08-05,Late delivery,718.05
933,15465,2023-08-18,Late delivery,792.02
934,14621,2023-04-30,Damaged,770.84
935,4334,2021-03-11,Late delivery,943.25
936,9906,2022-07-28,Damaged,772.22
937,16398,2022-11-13,Not as described,1097.79
938,1846,2023-01-25,Late delivery,1007.72
939,8192,2023-10-20,Late delivery,1214.08
940,3046,2023-03-06,Ordered by mistake,283.9
941,9974,2022-02-10,Not as described,1496.63
942,9615,2021-09-24,Late delivery,118.07
943,14921,2023-12-27,Damaged,1188.15
944,16731,2021-03-02,Late delivery,684.9
945,4044,2022-02-08,Damaged,976.69
946,18529,2023-11-25,Not as described,291.07
947,17469,2021-09-25,Late delivery,458.1
948,4281,2021-05-16,Ordered by mistake,644.59
949,852,2021-12-21,Other,1028.44
950,3367,2023-02-18,Not as described,1441.32
951,2189,2022-03-22,Damaged,113.46
952,746,2021-03-29,Late delivery,922.11
953,15299,2023-09-27,Not as described,569.29
954,10447,2021-12-16,Not as described,1061.89
955,11204,2023-10-19,Not as described,180.42
956,5278,2023-12-23,Damaged,1374.7
957,16132,2021-11-26,Damaged,413.38
958,5965,2022-12-13,Not as described,1334.97
959,897,2022-01-27,Late delivery,381.27
960,4165,2022-08-15,Ordered by mistake,195.77
961,13253,2021-01-09,Ordered by mistake,710.11
962,2448,2022-06-28,Late delivery,1118.13
963,10656,2022-12-11,Damaged,558.35
964,12231,2022-06-04,Ordered by mistake,269.52
965,19143,2023-10-26,Late delivery,733.26
966,4360,2021-04-08,Other,1149.32
967,385,2022-10-23,Damaged,443.3
968,13479,2022-07-14,Not as described,216.74
969,19181,2023-03-29,Not as described,1036.84
970,14983,2021-09-08,Other,1118.16
971,4806,2022-11-14,Damaged,1023.18
972,1993,2021-08-11,Damaged,77.19
973,8096,2022-09-23,Late delivery,147.85
974,14263,2021-02-22,Late delivery,550.62
975,614,2021-01-06,Late delivery,660.12
976,649,2021-03-28,Late delivery,137.9
977,11585,2024-01-31,Ordered by mistake,790.07
978,754,2022-09-23,Not as described,51.32
979,13479,2021-12-15,Ordered by mistake,1488.84
980,8857,2021-05-12,Other,1306.87
981,17056,2023-01-26,Other,329.51
982,13397,2022-03-15,Other,21.8
983,13754,2023-05-28,Other,674.3
984,3837,2024-01-25,Late delivery,1040.43
985,12392,2021-03-15,Damaged,859.54
986,17831,2021-03-22,Other,460.17
987,3063,2022-01-18,Ordered by mistake,460.81
988,13722,2023-03-23,Damaged,1098.93
989,14215,2021-03-28,Damaged,121.42
990,17033,2022-08-18,Damaged,1079.87
991,8740,2023-05-13,Late delivery,827.73
992,18542,2022-08-10,Late delivery,935.21
993,15427,2021-12-12,Not as described,1106.92
994,8704,2022-05-18,Ordered by mistake,800.67
995,3009,2022-06-19,Damaged,136.15
996,15597,2021-08-25,Damaged,1326.27
997,17914,2022-01-21,Not as described,163.45
998,11886,2022-07-23,Late delivery,577.68
999,6042,2022-07-04,Ordered by mistake,188.9
1000,12647,2021-10-07,Not as described,474.58
1001,18938,2022-03-12,Ordered by mistake,829.17
1002,18098,2021-02-20,Damaged,759.81
1003,17307,2021-06-18,Ordered by mistake,721.95
1004,13109,2022-08-25,Late delivery,663.38
1005,17990,2021-07-16,Late delivery,964.42
1006,13250,2022-10-15,Damaged,499.28
1007,16085,2021-02-05,Not as described,437.12
1008,5470,2022-11-11,Other,931.28
1009,10624,2021-12-29,Damaged,191.64
1010,15350,2022-11-03,Ordered by mistake,1459.55
1011,18290,2021-08-31,Damaged,1117.48
1012,13754,2022-11-02,Not as described,690.63
1013,154,2023-09-27,Damaged,1178.17
1014,18633,2021-03-25,Not as described,1382.45
1015,11386,2021-02-08,Not as described,148.63
1016,9352,2023-03-13,Damaged,12.41
1017,1997,2022-02-20,Not as described,348.92
1018,1357,2023-09-29,Not as described,808.65
1019,6017,2023-03-03,Late delivery,209.48
1020,13539,2023-04-05,Late delivery,13.65
1021,17383,2022-07-26,Late delivery,591.66
1022,11768,2021-02-10,Not as described,1345.32
1023,5030,2024-01-07,Damaged,1305.75
1024,10640,2023-06-14,Not as described,695.34
1025,13964,2022-11-06,Not as described,581.81
1026,5617,2021-11-13,Other,589.55
1027,6881,2022-06-26,Other,675.31
1028,17266,2023-11-06,Not as described,470.56
1029,17637,2022-05-02,Other,498.82
1030,757,2021-07-30,Not as described,1316.21
1031,6587,2022-09-03,Other,353.29
1032,2438,2023-02-22,Other,509.33
1033,3787,2022-07-25,Damaged,121.63
1034,16826,2021-07-13,Late delivery,1431.65
1035,12277,2022-04-13,Ordered by mistake,341.66
1036,17526,2022-02-23,Ordered by mistake,781.31
1037,699,2023-06-15,Ordered by mistake,713.94
1038,2103,2021-09-15,Other,775.82
1039,13939,2022-01-21,Other,1046.75
1040,3962,2023-05-11,Ordered by mistake,218.78
1041,8987,2022-07-25,Damaged,957.53
1042,5719,2022-02-10,Late delivery,241.35
1043,16881,2023-10-12,Other,729.1
1044,9319,2022-12-22,Late delivery,512.26
1045,732,2021-08-23,Damaged,130.47
1046,14751,2021-09-23,Not as described,214.46
1047,1336,2023-06-27,Late delivery,84.16
1048,8919,2021-12-20,Other,335.42
1049,15237,2022-01-02,Other,1024.6
1050,9408,2023-07-07,Damaged,1219.0
1051,9048,2021-12-05,Damaged,1499.06
1052,18068,2021-12-05,Other,254.62
1053,3742,2022-03-22,Other,144.71
1054,11300,2022-08-20,Not as described,1244.04
1055,5564,2022-07-01,Other,1002.4
1056,1954,2021-12-21,Other,711.55
1057,16128,2022-12-16,Damaged,1227.95
1058,16598,2023-12-16,Late delivery,460.93
1059,14078,2022-03-10,Not as described,1473.71
1060,10592,2022-05-13,Late delivery,712.54
1061,12468,2023-04-13,Late delivery,1006.38
1062,5861,2021-05-07,Other,317.39
1063,10635,2023-01-24,Not as described,154.79
1064,15675,2022-03-25,Not as described,41.68
1065,19548,2022-12-31,Late delivery,868.53
1066,7431,2023-03-12,Not as described,1360.72
1067,13359,2021-10-20,Damaged,925.28
1068,795,2021-03-11,Late delivery,192.18
1069,6192,2021-04-26,Late delivery,512.0
1070,4599,2021-08-23,Other,663.39
1071,990,2021-12-27,Other,1246.27
1072,17064,2023-03-14,Late delivery,61.09
1073,4367,2021-07-25,Not as described,122.91
1074,10866,2023-10-04,Damaged,847.91
1075,7739,2023-12-20,Damaged,419.01
1076,6911,2023-06-28,Other,43.79
1077,8577,2021-03-26,Other,1179.27
1078,5321,2023-02-12,Late delivery,107.44
1079,3469,2021-06-18,Late delivery,664.29
1080,14455,2021-09-13,Ordered by mistake,712.3
1081,3616,2021-08-04,Not as described,1463.96
1082,4245,2022-05-08,Damaged,160.01
1083,5724,2022-05-08,Ordered by mistake,1381.44
1084,6694,2022-04-14,Not as described,797.16
1085,10458,2022-07-18,Ordered by mistake,1182.61
1086,3120,2021-04-17,Ordered by mistake,1237.67
1087,834,2021-07-06,Not as described,781.19
1088,19830,2023-12-18,Not as described,1466.08
1089,15980,2021-08-07,Ordered by mistake,1107.74
1090,10664,2023-12-05,Late delivery,467.51
1091,19105,2023-04-03,Not as described,580.64
1092,2218,2021-09-12,Other,691.8
1093,4430,2023-05-10,Other,629.45
1094,3238,2021-03-03,Damaged,1300.64
1095,185,2022-10-10,Late delivery,601.54
1096,14117,2021-06-23,Other,777.16
1097,16351,2023-01-31,Ordered by mistake,1186.52
1098,6391,2022-01-09,Ordered by mistake,1066.26
1099,18573,2022-02-09,Late delivery,1164.53
1100,12212,2021-03-08,Ordered by mistake,513.75
1101,9646,2023-09-04,Other,689.84
1102,3307,2023-10-05,Other,1220.22
1103,17462,2022-12-13,Not as described,708.9
1104,7032,2023-05-03,Late delivery,621.63
1105,16799,2022-09-09,Late delivery,435.96
1106,10484,2024-01-12,Ordered by mistake,271.13
1107,163,2021-03-09,Late delivery,195.29
1108,9567,2021-04-15,Late delivery,1102.89
1109,12428,2024-01-30,Ordered by mistake,1267.51
1110,1268,2023-11-11,Damaged,984.57
1111,12642,2024-01-10,Late delivery,567.88
1112,15713,2021-05-07,Damaged,100.15
1113,12708,2023-02-19,Not as described,796.39
1114,12222,2021-07-09,Ordered by mistake,839.33
1115,11912,2023-12-31,Late delivery,664.91
1116,12264,2022-01-31,Damaged,626.79
1117,16605,2023-04-01,Not as described,453.99
1118,9407,2023-04-01,Not as described,699.1
1119,6855,2022-01-20,Not as described,424.67
1120,13604,2022-10-17,Late delivery,1085.99
1121,17634,2022-09-06,Damaged,109.51
1122,7524,2022-11-29,Other,1010.74
1123,15527,2021-05-25,Ordered by mistake,833.0
1124,759,2022-01-14,Not as described,619.13
1125,14857,2022-01-19,Late delivery,853.55
1126,1552,2022-08-27,Late delivery,112.51
1127,9029,2021-04-01,Not as described,1401.56
1128,9740,2021-04-08,Late delivery,210.79
1129,15323,2023-09-18,Not as described,1475.72
1130,13801,2021-12-27,Late delivery,1027.35
1131,1841,2022-12-15,Other,669.76
1132,17790,2021-07-23,Damaged,849.11
1133,11323,2021-09-15,Late delivery,1202.59
1134,19402,2022-11-18,Other,889.83
1135,3282,2023-09-15,Late delivery,841.72
1136,11600,2022-08-25,Damaged,14.01
1137,9542,2022-07-29,Ordered by mistake,76.37
1138,13302,2023-11-28,Late delivery,516.5
1139,12869,2021-10-09,Other,1497.05
1140,4038,2021-11-05,Not as described,266.26
1141,744,2021-04-09,Not as described,479.16
1142,3639,2023-04-02,Late delivery,1008.18
1143,15329,2021-11-18,Ordered by mistake,223.6
1144,2386,2021-10-09,Late delivery,115.48
1145,4268,2023-04-12,Not as described,1028.26
1146,7589,2021-11-12,Not as described,310.0
1147,6158,2021-04-13,Late delivery,529.72
1148,3625,2022-02-09,Ordered by mistake,769.03
1149,13318,2021-12-17,Ordered by mistake,470.77
1150,16147,2024-01-29,Late delivery,1006.73
1151,2096,2022-10-23,Other,428.78
1152,19333,2024-01-02,Damaged,832.91
1153,16075,2024-01-24,Damaged,804.43
1154,13788,2024-01-27,Other,907.47
1155,18525,2022-09-30,Ordered by mistake,1023.08
1156,19979,2023-07-24,Not as described,340.45
1157,12212,2023-10-05,Ordered by mistake,1204.82
1158,19797,2021-09-30,Ordered by mistake,168.9
1159,4133,2024-01-10,Late delivery,94.23
1160,9569,2022-07-09,Ordered by mistake,440.75
1161,11734,2023-11-24,Other,1466.62
1162,7012,2023-04-24,Late delivery,360.87
1163,19893,2022-12-12,Other,164.58
1164,10301,2023-12-29,Ordered by mistake,751.16
1165,8641,2023-04-20,Late delivery,1399.54
1166,1017,2023-06-15,Late delivery,1175.54
1167,18820,2021-09-23,Damaged,978.79
1168,11391,2021-07-12,Ordered by mistake,281.04
1169,8841,2022-10-27,Other,1306.3
1170,6556,2022-09-01,Other,878.46
1171,8715,2022-01-28,Not as described,1283.72
1172,18272,2022-09-05,Not as described,167.67
1173,110,2023-11-19,Not as described,308.96
1174,2944,2022-05-29,Damaged,297.3
1175,3069,2022-07-07,Damaged,112.1
1176,6654,2023-02-25,Late delivery,882.97
1177,5255,2023-10-08,Other,1098.5
1178,10876,2023-11-14,Late delivery,736.86
1179,4370,2023-07-18,Late delivery,1169.87
1180,8331,2022-09-27,Other,305.78
1181,10930,2021-06-30,Other,60.29
1182,17163,2021-01-18,Damaged,703.09
1183,6276,2022-05-29,Other,793.2
1184,13039,2022-03-31,Not as described,960.0
1185,655,2022-04-08,Not as described,1114.57
1186,5191,2023-09-07,Late delivery,1112.62
1187,8285,2023-04-24,Not as described,1289.15
1188,8163,2021-10-19,Damaged,681.88
1189,3820,2021-12-07,Other,1204.23
1190,11243,2021-06-19,Ordered by mistake,799.3
1191,16989,2022-07-26,Damaged,449.21
1192,3298,2022-12-21,Not as described,208.26
1193,19226,2022-06-23,Ordered by mistake,1488.92
1194,16197,2024-01-16,Ordered by mistake,588.9
1195,4026,2021-09-02,Damaged,1397.41
1196,15937,2021-06-27,Ordered by mistake,30.74
1197,17900,2021-01-18,Other,91.55
1198,1135,2021-06-09,Late delivery,646.19
1199,16569,2022-11-16,Damaged,348.46
1200,8787,2022-07-20,Other,1137.42
1201,8441,2022-02-16,Damaged,265.33
1202,16569,2022-04-23,Ordered by mistake,1185.04
1203,795,2021-07-27,Other,326.4
1204,6644,2022-06-01,Other,1141.73
1205,10027,2023-09-26,Other,1090.31
1206,18513,2022-10-27,Damaged,672.52
1207,9448,2021-11-13,Ordered by mistake,224.06
1208,14527,2021-09-29,Damaged,1211.97
1209,12288,2021-06-30,Not as described,241.65
1210,16844,2021-09-14,Ordered by mistake,390.62
1211,5012,2023-06-17,Other,1388.05
1212,8922,2023-07-30,Late delivery,1161.62
1213,2558,2022-07-07,Other,1293.47
1214,7626,2023-01-09,Other,1473.22
1215,17939,2023-12-16,Ordered by mistake,480.77
1216,6000,2022-10-31,Damaged,448.32
1217,2865,2022-11-23,Other,62.89
1218,9538,2022-07-26,Damaged,1189.63
1219,14882,2023-05-19,Other,1235.84
1220,9518,2021-10-01,Not as described,838.99
1221,14769,2022-05-31,Damaged,326.97
1222,9417,2022-05-22,Late delivery,971.91
1223,17764,2022-07-22,Damaged,1439.05
1224,12136,2023-08-08,Not as described,1250.9
1225,17422,2022-07-18,Not as described,87.98
1226,17969,2021-01-05,Late delivery,466.88
1227,5451,2023-08-03,Late delivery,1065.82
1228,15431,2022-03-19,Late delivery,1272.15
1229,15085,2022-03-08,Other,616.13
1230,18137,2023-01-03,Damaged,1031.66
1231,15585,2023-06-27,Ordered by mistake,849.97
1232,6947,2022-05-27,Damaged,552.93
1233,3756,2022-06-15,Late delivery,1439.86
1234,8313,2021-06-08,Not as described,46.28
1235,18064,2021-11-13,Damaged,878.76
1236,8564,2022-06-29,Damaged,12.34
1237,14304,2021-05-12,Late delivery,399.02
1238,6260,2021-10-25,Ordered by mistake,215.88
1239,1248,2021-04-26,Other,27.24
1240,5697,2023-04-22,Not as described,822.9
1241,14069,2024-01-28,Ordered by mistake,1470.53
1242,17246,2021-10-04,Damaged,306.27
1243,19188,2021-02-07,Ordered by mistake,170.84
1244,2228,2022-01-23,Damaged,35.79
1245,13630,2022-03-02,Damaged,422.55
1246,6754,2021-07-23,Other,762.26
1247,12457,2022-08-14,Damaged,484.43
1248,14959,2023-08-12,Ordered by mistake,761.48
1249,9705,2021-06-23,Ordered by mistake,1040.58
1250,18204,2023-08-19,Not as described,1092.25
1251,8699,2023-05-17,Ordered by mistake,1094.55
1252,17386,2023-08-24,Damaged,513.7
1253,11381,2021-07-23,Ordered by mistake,1152.13
1254,9952,2021-06-11,Late delivery,895.84
1255,15436,2021-06-14,Other,1368.76
1256,12209,2021-04-03,Not as described,105.28
1257,13490,2021-08-22,Late delivery,884.43
1258,14002,2023-10-18,Other,1363.18
1259,2799,2023-08-08,Not as described,1027.33
1260,9784,2021-09-04,Not as described,481.56
1261,17617,2022-01-01,Not as described,360.02
1262,17589,2021-01-08,Late delivery,430.44
1263,8240,2021-06-29,Not as described,671.56
1264,3815,2021-08-11,Damaged,1284.81
1265,9034,2022-10-13,Ordered by mistake,536.76
1266,15064,2023-02-18,Damaged,1172.25
1267,8200,2021-08-21,Other,116.0
1268,16669,2021-10-08,Other,1429.91
1269,11009,2022-02-08,Damaged,779.1
1270,14835,2023-08-13,Ordered by mistake,198.0
1271,17524,2023-09-23,Ordered by mistake,793.58
1272,15289,2021-11-05,Damaged,1269.63
1273,16937,2021-06-03,Damaged,1265.82
1274,3344,2023-02-24,Late delivery,968.21
1275,17862,2022-03-23,Ordered by mistake,365.31
1276,12554,2021-03-30,Other,175.12
1277,18869,2023-09-04,Other,115.69
1278,15541,2023-10-16,Late delivery,1099.07
1279,19859,2023-11-11,Late delivery,122.7
1280,19381,2021-10-23,Not as described,614.67
1281,7929,2022-06-10,Damaged,819.73
1282,7903,2021-05-29,Late delivery,417.46
1283,18499,2023-10-23,Not as described,1463.41
1284,12614,2021-05-27,Not as described,652.39
1285,4707,2023-07-01,Late delivery,1044.89
1286,18457,2023-11-06,Other,1053.28
1287,4627,2021-03-14,Late delivery,385.27
1288,5159,2021-05-10,Other,1299.15
1289,14083,2022-12-08,Ordered by mistake,208.14
1290,8826,2021-08-26,Not as described,248.85
1291,18580,2022-01-14,Damaged,1239.13
1292,11775,2021-02-13,Ordered by mistake,563.76
1293,6071,2022-08-01,Not as described,1176.78
1294,10698,2023-12-18,Late delivery,204.99
1295,10674,2021-08-24,Late delivery,651.62
1296,3379,2023-05-28,Not as described,1211.59
1297,13090,2021-12-24,Other,662.17
1298,12057,2021-01-01,Not as described,1295.41
1299,17832,2022-07-24,Damaged,1066.73
1300,8007,2021-03-13,Damaged,47.27
1301,8029,2022-12-18,Ordered by mistake,746.75
1302,15037,2023-12-23,Damaged,150.13
1303,1067,2023-04-10,Not as described,426.67
1304,1909,2023-08-06,Ordered by mistake,1087.22
1305,2824,2024-01-17,Not as described,387.21
1306,12852,2023-06-02,Other,397.37
1307,13125,2024-01-10,Other,10.87
1308,12323,2021-06-13,Damaged,199.96
1309,4750,2022-08-18,Not as described,473.77
1310,16443,2021-06-26,Not as described,1221.81
1311,17518,2023-11-05,Damaged,390.95
1312,14343,2024-01-21,Damaged,426.04
1313,17683,2021-05-28,Late delivery,119.39
1314,5225,2022-05-11,Late delivery,524.5
1315,13517,2022-02-07,Other,312.71
1316,15175,2021-04-04,Other,198.03
1317,19065,2023-01-23,Late delivery,591.2
1318,15890,2023-08-13,Other,1054.98
1319,286,2021-02-25,Damaged,878.77
1320,15984,2023-01-26,Damaged,1419.47
1321,14920,2024-01-21,Not as described,576.4
1322,6639,2022-07-10,Other,1251.36
1323,13760,2022-06-18,Other,976.76
1324,8125,2021-05-30,Not as described,669.26
1325,19182,2022-02-27,Late delivery,853.32
1326,7618,2021-09-05,Other,1309.28
1327,1861,2023-05-31,Ordered by mistake,733.38
1328,15019,2023-01-17,Other,194.68
1329,13510,2022-06-22,Damaged,47.98
1330,11663,2021-04-06,Other,420.88
1331,14088,2021-05-24,Late delivery,319.27
1332,3058,2021-11-24,Ordered by mistake,1398.22
1333,10941,2022-07-27,Damaged,384.64
1334,7175,2023-03-31,Late delivery,682.05
1335,4322,2023-08-02,Damaged,1151.34
1336,11718,2023-09-15,Late delivery,1168.04
1337,12000,2022-04-17,Late delivery,931.69
1338,13653,2021-09-26,Not as described,1250.68
1339,12127,2022-04-17,Not as described,995.87
1340,19008,2023-06-19,Not as described,999.76
1341,6307,2023-10-16,Late delivery,48.59
1342,14943,2023-07-04,Damaged,806.57
1343,5625,2022-12-05,Damaged,927.85
1344,3404,2021-10-29,Ordered by mistake,1352.4
1345,8211,2023-12-19,Damaged,482.44
1346,18342,2024-01-30,Late delivery,772.69
1347,6796,2021-06-02,Damaged,141.51
1348,17223,2022-11-19,Other,716.32
1349,19018,2023-04-15,Other,270.24
1350,7528,2022-08-29,Not as described,1257.81
1351,3532,2023-08-23,Damaged,855.99
1352,7917,2023-08-18,Other,331.79
1353,11646,2023-05-16,Not as described,753.41
1354,4201,2023-03-31,Damaged,647.99
1355,5883,2022-01-05,Late delivery,269.57
1356,11653,2021-08-20,Late delivery,668.0
1357,4768,2022-06-28,Late delivery,704.29
1358,11175,2022-10-01,Damaged,447.2
1359,13217,2023-09-27,Not as described,33.98
1360,19353,2022-05-23,Not as described,488.21
1361,15512,2023-08-24,Other,469.65
1362,7941,2022-01-25,Damaged,954.27
1363,8179,2022-07-26,Damaged,130.2
1364,12963,2023-09-20,Other,1488.95
1365,2487,2023-12-17,Late delivery,960.86
1366,11,2022-12-27,Other,659.75
1367,18152,2022-08-27,Ordered by mistake,169.2
1368,11864,2022-10-20,Not as described,593.08
1369,17420,2022-09-02,Damaged,1283.04
1370,12669,2021-08-26,Damaged,362.0
1371,863,2021-09-15,Ordered by mistake,904.12
1372,2765,2021-09-25,Damaged,1353.18
1373,1725,2021-10-25,Not as described,987.8
1374,5101,2021-02-26,Damaged,1437.25
1375,9459,2023-04-20,Ordered by mistake,1321.39
1376,4094,2021-04-15,Other,334.11
1377,10663,2021-08-07,Ordered by mistake,1013.85
1378,3514,2022-09-03,Late delivery,1408.4
1379,15568,2021-10-31,Late delivery,700.57
1380,10307,2022-09-27,Other,415.31
1381,4052,2023-06-17,Ordered by mistake,639.15
1382,17288,2023-08-21,Other,894.88
1383,4722,2022-10-03,Damaged,1104.12
1384,1903,2022-11-05,Other,1040.8
1385,14325,2023-12-08,Ordered by mistake,486.95
1386,9724,2023-05-02,Not as described,1380.14
1387,3778,2021-05-29,Late delivery,1371.37
1388,13252,2021-11-18,Damaged,1130.82
1389,2302,2023-02-26,Late delivery,988.13
1390,7750,2022-02-08,Ordered by mistake,404.09
1391,11227,2021-09-23,Ordered by mistake,470.65
1392,10900,2023-09-10,Other,531.04
1393,9829,2021-07-03,Not as described,1336.79
1394,10016,2023-08-21,Not as described,975.79
1395,6843,2021-03-03,Not as described,1455.92
1396,13197,2022-05-10,Ordered by mistake,1048.79
1397,12365,2021-12-05,Ordered by mistake,1023.01
1398,19453,2021-09-11,Damaged,1386.01
1399,5763,2021-11-03,Other,75.7
1400,16072,2023-07-18,Ordered by mistake,673.87
1401,7830,2024-01-26,Other,56.85
1402,1729,2023-05-06,Other,494.63
1403,8130,2021-01-25,Other,1447.64
1404,11549,2023-12-19,Other,435.96
1405,4582,2023-07-16,Not as described,222.35
1406,12307,2022-11-10,Late delivery,362.59
1407,5500,2022-08-03,Late delivery,267.29
1408,11902,2022-01-26,Damaged,32.67
1409,1156,2023-10-15,Late delivery,182.19
1410,11704,2021-01-08,Damaged,1237.17
1411,18556,2021-12-01,Ordered by mistake,1465.02
1412,15977,2023-08-06,Damaged,206.17
1413,6142,2021-11-09,Late delivery,780.41
1414,8197,2021-08-21,Late delivery,56.71
1415,19508,2023-06-12,Damaged,919.71
1416,12780,2021-03-06,Late delivery,35.21
1417,13661,2022-05-03,Other,195.43
1418,12172,2023-02-16,Other,159.69
1419,16028,2021-12-13,Ordered by mistake,893.07
1420,15848,2022-08-23,Other,106.21
1421,7642,2021-12-26,Damaged,383.56
1422,3599,2023-08-17,Other,715.54
1423,14418,2023-06-21,Other,778.92
1424,1485,2022-12-03,Not as described,13.67
1425,11618,2021-01-30,Not as described,480.78
1426,19584,2022-12-18,Other,1218.36
1427,8838,2023-11-09,Late delivery,170.57
1428,2915,2022-11-22,Ordered by mistake,149.56
1429,9382,2023-05-09,Damaged,582.17
1430,1797,2021-04-13,Damaged,1056.14
1431,10288,2022-02-08,Damaged,846.66
1432,9966,2021-05-07,Late delivery,107.23
1433,9316,2022-12-12,Damaged,1473.39
1434,8444,2023-05-13,Late delivery,258.95
1435,468,2023-11-02,Late delivery,1263.81
1436,17078,2023-03-04,Late delivery,1017.05
1437,8529,2022-09-07,Damaged,204.81
1438,323,2022-11-25,Not as described,1230.73
1439,11250,2021-07-21,Not as described,578.69
1440,3622,2021-03-20,Other,53.68
1441,18328,2021-07-30,Damaged,1414.69
1442,17554,2022-03-18,Damaged,905.2
1443,16046,2022-09-13,Ordered by mistake,957.48
1444,8177,2023-06-28,Damaged,926.76
1445,15417,2023-11-30,Not as described,210.52
1446,15164,2023-11-01,Damaged,1332.65
1447,15081,2023-10-09,Not as described,1062.26
1448,267,2023-12-31,Ordered by mistake,1495.2
1449,10724,2022-11-05,Damaged,131.46
1450,7660,2023-08-21,Damaged,909.62
1451,13903,2023-10-19,Other,130.21
1452,1661,2022-04-25,Ordered by mistake,1287.24
1453,10236,2021-06-15,Other,93.97
1454,9386,2021-02-25,Ordered by mistake,106.11
1455,6872,2023-04-30,Damaged,131.9
1456,11002,2022-05-18,Other,434.18
1457,4711,2021-12-31,Damaged,1234.56
1458,10297,2022-11-13,Late delivery,467.62
1459,12255,2023-09-09,Late delivery,939.78
1460,19445,2021-04-17,Damaged,212.61
1461,13409,2022-02-11,Other,984.99
1462,9499,2021-09-02,Other,1478.88
1463,18974,2022-04-07,Damaged,94.67
1464,17821,2021-02-16,Ordered by mistake,1045.93
1465,17031,2023-03-18,Late delivery,127.25
1466,2591,2022-06-03,Not as described,414.98
1467,17507,2023-05-31,Not as described,999.03
1468,15251,2021-10-07,Other,1484.04
1469,10403,2023-02-10,Late delivery,1031.29
1470,16961,2022-08-30,Ordered by mistake,349.65
1471,15711,2023-10-20,Not as described,715.19
1472,11239,2021-08-06,Late delivery,1054.05
1473,6227,2023-01-12,Other,437.94
1474,5080,2021-06-24,Late delivery,771.42
1475,2266,2022-11-07,Damaged,536.83
1476,19571,2021-05-04,Ordered by mistake,1112.11
1477,5580,2021-02-12,Not as described,884.62
1478,6439,2022-05-26,Damaged,1365.62
1479,18549,2023-09-02,Damaged,144.23
1480,10031,2022-07-26,Not as described,1297.05
1481,10743,2022-10-20,Other,313.41
1482,13164,2021-08-06,Not as described,547.76
1483,19280,2021-06-21,Not as described,180.18
1484,5324,2021-11-10,Other,749.26
1485,11413,2022-02-07,Damaged,269.27
1486,19499,2022-04-11,Other,1163.92
1487,3830,2021-07-23,Other,643.71
1488,8367,2021-02-21,Damaged,1370.02
1489,15655,2023-08-07,Late delivery,472.02
1490,1504,2021-03-28,Late delivery,1099.14
1491,11735,2023-05-25,Late delivery,394.95
1492,13732,2021-05-23,Damaged,1346.25
1493,1771,2021-10-24,Not as described,1357.45
1494,5306,2022-01-09,Not as described,897.92
1495,14348,2022-01-22,Not as described,394.66
1496,16450,2023-08-29,Damaged,466.1
1497,15510,2023-06-05,Ordered by mistake,951.69
1498,3569,2021-10-17,Damaged,357.15
1499,10961,2021-03-12,Not as described,600.79
1500,7215,2021-06-05,Damaged,388.6
